listing_id,url,title,host_id,location_city,location_province,rv_type,rv_year,rv_make,rv_model,length_ft,sleeps,num_slide_outs,weight_lbs,hitch_size,hitch_weight_lbs,base_price,security_deposit,pet_friendly,delivery_available,delivery_max_km,delivery_price_per_km,overall_rating,num_reviews,accuracy_rating,value_rating,cleanliness_rating,communication_rating,flexible_pickup,flexible_dropoff,towing_experience_required,host_name,response_rate,is_superhost
165,https://www.rvezy.com/rv-rental/alberta_calgary-_motorhome_classc_adventurer_r22,Rent my 2009 Ford Adventurer R22 from $350/night | RVezy,165.0,Calgary,AB,Class C,2009.0,Ford,Adventurer R22,22.0,6,,,,,350.0,1.0,1,0,,,5.0,11.0,5.0,5.0,5.0,5.0,0,0,0,Sue,100.0,0.0
166,https://www.rvezy.com/rv-rental/alberta_calgary_traveltrailer_traveltrailer_r-vision_trail-lite-7212,Rent my 1999 R-Vision Trail Lite 7212 from $115/night | RVezy,166.0,Calgary,AB,Travel Trailer,1999.0,R-Vision,Trail Lite 7212,21.0,521,,2780.0,"2""",300.0,115.0,1.0,0,1,150.0,2.5,4.9,8.0,5.0,4.7,5.0,5.0,1,1,0,Edward,100.0,0.0
167,https://www.rvezy.com/rv-rental/alberta_calgary_traveltrailer_tenttrailer_forest-river_flagstaff_11f9d,Excellent Tent Trailer with 2 Dinettes and Electric Crank Up - Only one in AB,167.0,Calgary,AB,Travel Trailer,,,,14.0,614,2.0,1590.0,"2""",201.0,,500.0,0,0,,,5.0,4.0,5.0,5.0,5.0,5.0,1,1,0,Kamalpreet,100.0,0.0
169,https://www.rvezy.com/rv-rental/alberta_calgary_traveltrailer_microtrailer_beaverbuilt-adventure-trailers_mahkesis,Rent my 2021 Beaverbuilt Adventure Trailers Mahkesis from $98/night | RVezy,169.0,Calgary,AB,Travel Trailer,2021.0,Beaverbuilt,Adventure Trailers Mahkesis,12.0,412,,1650.0,"2""",195.0,98.0,500.0,0,1,25.0,4.0,5.0,8.0,5.0,5.0,5.0,5.0,1,1,0,Brendon,80.0,0.0
170,https://www.rvezy.com/rv-rental/alberta_calgary_traveltrailer_traveltrailer_forest-river_no-bo-193_3724f0,Rent my 2022 Forest River No Bo 19.3 from $138/night | RVezy,170.0,Calgary,AB,Travel Trailer,,,,19.0,519,,4200.0,"2""",550.0,138.0,1.0,0,1,200.0,4.68,4.5,2.0,4.5,4.5,4.5,4.5,1,1,0,Zia,50.0,0.0
172,https://www.rvezy.com/rv-rental/alberta_calgary_traveltrailer_traveltrailer_coachmen_catalina-303-qbck-le-33_cf02fd,Rent my 2021 Coachmen Catalina 303 QBCK LE 33 from $213/night | RVezy,172.0,Calgary,AB,Travel Trailer,2021.0,Coachmen,Catalina 303 QBCK LE 33,33.0,833,1.0,7127.0,"2""",856.0,213.0,1.0,0,0,,,,,5.0,5.0,5.0,5.0,1,1,1,Patricia,100.0,0.0
175,https://www.rvezy.com/rv-rental/alberta_calgary_traveltrailer_traveltrailer_kz_sportsman_795caf,Rent my 2019 KZ Sportsman from $150/night | RVezy,175.0,Calgary,AB,Travel Trailer,2019.0,KZ,Sportsman,29.0,629,1.0,7200.0,"2""",720.0,150.0,1.0,0,1,125.0,2.0,,,,,,,1,1,1,Justin,100.0,0.0
176,https://www.rvezy.com/rv-rental/ontario_brant_traveltrailer_traveltrailer_jayco_rl27_964edd,Rent my 2019 Jayco RL27 from $230/night | RVezy,176.0,Calgary,AB,Travel Trailer,2019.0,Jayco,RL27,27.0,427,1.0,12500.0,"2""",225.0,230.0,1.0,0,1,350.0,2.5,,,5.0,5.0,5.0,5.0,1,1,1,Christopher,80.0,0.0
177,https://www.rvezy.com/rv-rental/alberta_calgary_traveltrailer_traveltrailer_fleetwood_pioneer-210-cks_ed5cfb,Rent my 2006 Fleetwood Pioneer 210 CKS from $126/night | RVezy,177.0,Calgary,AB,Travel Trailer,2006.0,Fleetwood,Pioneer 210 CKS,21.0,721,1.0,4185.0,"2 5/16""",627.0,126.0,1.0,1,1,150.0,2.5,,,5.0,5.0,5.0,5.0,1,1,0,sheldon,100.0,0.0
179,https://www.rvezy.com/rv-rental/alberta_calgary_traveltrailer_traveltrailer_other_21rbh_79e21c,Rent my 2004 Trail Cruiser TC 21RBH from $138/night | RVezy,135.0,Calgary,AB,Travel Trailer,2004.0,Trail,Cruiser TC 21RBH,21.0,521,,5500.0,"2 5/16""",500.0,138.0,1.0,1,1,200.0,2.1,4.8,10.0,4.9,4.8,4.7,4.9,1,1,0,Jason,100.0,0.0
180,https://www.rvezy.com/rv-rental/alberta_calgary_traveltrailer_traveltrailer_kz_2015_41af2f,Rent my 2015 KZ 2015 from $150/night | RVezy,,Calgary,AB,Travel Trailer,2015.0,KZ,2015,24.0,724,1.0,4500.0,"2 5/16""",12000.0,150.0,500.0,1,1,50.0,1.5,5.0,2.0,5.0,5.0,5.0,5.0,0,0,0,,,
181,https://www.rvezy.com/rv-rental/alberta_aldersyde_traveltrailer_traveltrailer_gulf-stream_248bh_c3367f,Rent my 2022 Gulf Stream 248BH from $201/night | RVezy,181.0,Calgary,AB,Travel Trailer,2022.0,Gulf,Stream 248BH,27.0,627,,3899.0,"2""",500.0,201.0,1.0,0,1,200.0,2.5,4.8,4.0,4.7,5.0,5.0,4.7,0,1,1,FamilyRV,100.0,0.0
182,https://www.rvezy.com/rv-rental/alberta_calgary_motorhome_campervan_ford_transit-awd-high-roof_cb4413,Rocky Mountain AWD Campervan- Ford Transit AWD High roof Camper-van,182.0,Calgary,AB,,,,,22.0,222,,,,,,1.0,0,0,,,5.0,5.0,5.0,5.0,5.0,5.0,1,1,0,Casey,80.0,0.0
183,https://www.rvezy.com/rv-rental/alberta_calgary_traveltrailer_traveltrailer_palomino_puma-xle22rbc,Rent my 2019 Palomino Puma XLE22RBC from $150/night | RVezy,183.0,Calgary,AB,Travel Trailer,2019.0,Palomino,Puma XLE22RBC,25.0,625,,5792.0,"2""",556.0,150.0,1.0,0,0,,,4.7,14.0,4.7,4.7,4.7,4.7,1,1,0,Eileen,100.0,0.0
184,https://www.rvezy.com/rv-rental/alberta_calgary_traveltrailer_traveltrailer_gulf-steam_18-rbd,LITTE MISS RIGGY LIGHT 3288 lbs dry Family Trailer with Twin Bunks!,184.0,Calgary,AB,Travel Trailer,,,,,521,,3288.0,"2""",370.0,,1.0,1,1,150.0,2.5,4.9,12.0,4.8,4.8,5.0,5.0,1,1,0,BECKY,100.0,0.0
185,https://www.rvezy.com/rv-rental/alberta_calgary_motorhome_classb_roadtrek_sprinter-adventurous-rs_5d9724,Rent my 2010 Roadtrek Sprinter Adventurous RS from $300/night | RVezy,185.0,Calgary,AB,Class B,2010.0,Roadtrek,Sprinter Adventurous RS,22.0,222,,,,,300.0,1.0,0,0,,,,,,,,,0,0,0,Mary,60.0,0.0
186,https://www.rvezy.com/rv-rental/alberta_calgary_traveltrailer_traveltrailer_gulf-stream_conquest_c755e9,Rent my 2015 Gulf Stream Conquest from $150/night | RVezy,186.0,Calgary,AB,Travel Trailer,2015.0,Gulf,Stream Conquest,29.0,829,,5160.0,"2 5/16""",690.0,150.0,1.0,1,1,200.0,2.5,4.6,11.0,4.5,4.5,4.6,4.6,1,1,1,David,90.0,0.0
187,https://www.rvezy.com/rv-rental/alberta_calgary_traveltrailer_traveltrailer_boler_1300_16fdb8,Rent my 1975 Boler 1300 from $161/night | RVezy,187.0,Calgary,AB,Travel Trailer,1975.0,Boler,1300,13.0,413,,900.0,"2""",220.0,161.0,500.0,1,1,200.0,3.0,4.3,3.0,4.3,4.3,4.3,4.3,1,1,0,Jerad,100.0,0.0
188,https://www.rvezy.com/rv-rental/alberta_calgary_traveltrailer_traveltrailer_boler_1300,Rent my 1975 Boler 1300 from $161/night | RVezy,187.0,Calgary,AB,Travel Trailer,1975.0,Boler,1300,13.0,413,,900.0,"2""",265.0,161.0,500.0,1,1,200.0,3.0,4.9,5.0,4.8,4.6,5.0,5.0,1,1,0,Jerad,100.0,0.0
189,https://www.rvezy.com/rv-rental/alberta_calgary_traveltrailer_traveltrailer_triple-e_surfside_718dcb,Rent my 1977 Triple E Surfside from $161/night | RVezy,187.0,Calgary,AB,Travel Trailer,1977.0,Triple,E Surfside,14.0,414,,1600.0,"2""",280.0,161.0,500.0,1,1,200.0,4.0,,,,,,,1,1,0,Jerad,100.0,0.0
190,https://www.rvezy.com/rv-rental/alberta_calgary_traveltrailer_traveltrailer_coachmen_apex-nano-193bhs_af0ae9,Rent my 2016 Coachmen Apex Nano 193BHS from $138/night | RVezy,190.0,Calgary,AB,Travel Trailer,2016.0,Coachmen,Apex Nano 193BHS,19.0,419,1.0,4600.0,"2""",406.0,138.0,1.0,0,1,100.0,1.0,5.0,7.0,5.0,5.0,5.0,5.0,1,1,0,Ryan,93.0,0.0
191,https://www.rvezy.com/rv-rental/alberta_calgary_traveltrailer_traveltrailer_keystone_hideout_6f006c,Rent my 2017 Keystone Hideout from $138/night | RVezy,191.0,Calgary,AB,Travel Trailer,2017.0,Keystone,Hideout,21.0,621,,3375.0,"2""",500.0,138.0,1.0,0,0,,,,,,,,,0,0,1,ManZ,50.0,0.0
192,https://www.rvezy.com/rv-rental/alberta_calgary_traveltrailer_traveltrailer_keystone_cougar-21rbs,Family Friendly & Lightweight Keystone Cougar 21RBS Travel Trailer,192.0,Calgary,AB,Travel Trailer,,,,26.0,426,1.0,5300.0,"2 5/16""",580.0,,1.0,0,1,300.0,3.0,4.6,6.0,4.5,4.5,4.5,5.0,1,1,0,Kelly,53.0,0.0
195,https://www.rvezy.com/rv-rental/alberta_calgary_traveltrailer_traveltrailer_airstream_overlander_6c20bf,Rent my 2022 Airstream Overlander from $250/night | RVezy,,Calgary,AB,Travel Trailer,2022.0,Airstream,Overlander,27.0,527,,6000.0,"2""",590.0,250.0,500.0,0,0,,,,,,,,,0,0,0,,,
196,https://www.rvezy.com/rv-rental/alberta_bragg-creek_motorhome_classa_coachmen_pursuit_52988d,Rent my 2014 Coachmen Pursuit from $454/night | RVezy,,Calgary,AB,Class A,2014.0,Coachmen,Pursuit,30.0,630,2.0,,,,454.0,1.0,0,1,200.0,4.68,4.1,5.0,4.0,4.2,3.6,4.6,1,1,0,,,
199,https://www.rvezy.com/rv-rental/alberta_calgary_traveltrailer_traveltrailer_other_palamino-puma_7c1ad3,Rent my 2010 Forest River Palomino Puma from $126/night | RVezy,199.0,Calgary,AB,Travel Trailer,2010.0,Forest,River Palomino Puma,20.0,420,,3500.0,"1 7/8""",1500.0,126.0,1.0,1,0,,,,,,,,,1,1,0,Rick,100.0,0.0
202,https://www.rvezy.com/rv-rental/alberta_rocky-view_traveltrailer_traveltrailer_highland-ridge-rv_242rl_a18860,Rent my 2022 Highland Ridge RV 242RL from $161/night | RVezy,202.0,Calgary,AB,Travel Trailer,2022.0,Highland,Ridge RV 242RL,29.0,629,1.0,7000.0,"2 5/16""",645.0,161.0,1.0,1,1,250.0,2.5,5.0,3.0,5.0,5.0,5.0,5.0,1,1,1,Ryan,100.0,0.0
205,https://www.rvezy.com/rv-rental/alberta_calgary_motorhome_classc_adventurer-lp_23rb_000c5a,Rent my 2019 Other 23RB from $328/night | RVezy,,Calgary,AB,Class C,2019.0,Other,23RB,23.0,523,,,,,328.0,1.0,0,0,,,4.9,13.0,4.8,4.8,4.9,4.9,1,1,0,,,
206,https://www.rvezy.com/rv-rental/alberta_calgary_traveltrailer_traveltrailer_heartland_edge-m22_eabdde,Rent my 2011 Heartland Edge M22 from $135/night | RVezy,206.0,Calgary,AB,Travel Trailer,2011.0,Heartland,Edge M22,26.0,226,1.0,3690.0,"2 5/16""",390.0,135.0,1.0,1,1,200.0,3.33,,,,,,,0,0,1,Richard,100.0,1.0
208,https://www.rvezy.com/rv-rental/alberta_calgary_traveltrailer_traveltrailer_keystone_hideout_db7807,Rent my 2022 Keystone Hideout from $155/night | RVezy,208.0,Calgary,AB,Travel Trailer,2022.0,Keystone,Hideout,21.0,421,,4000.0,"2""",500.0,155.0,1.0,1,0,,,,,,,,,1,1,0,Rj,100.0,0.0
209,https://www.rvezy.com/rv-rental/alberta_calgary_traveltrailer_traveltrailer_keystone_hideout_4db041,Rent my 2023 Keystone Hideout from $150/night | RVezy,209.0,Calgary,AB,Travel Trailer,2023.0,Keystone,Hideout,34.0,234,2.0,7600.0,"2 5/16""",900.0,150.0,1.0,1,1,150.0,2.0,,,,,,,0,0,1,Dave,100.0,0.0
210,https://www.rvezy.com/rv-rental/alberta_calgary_traveltrailer_traveltrailer_dutchmen_aspen-trail_a9a86c,Rent my 2017 Dutchmen Aspen Trail from $144/night | RVezy,210.0,Calgary,AB,Travel Trailer,2017.0,Dutchmen,Aspen Trail,24.0,624,1.0,5514.0,"2 5/16""",552.0,144.0,1.0,1,0,,,5.0,3.0,5.0,5.0,5.0,5.0,0,0,1,Jennifer,100.0,1.0
211,https://www.rvezy.com/rv-rental/alberta_calgary_motorhome_classc_thor-motor-coach_four-winds,Rent my 2013 Thor Motor Coach Four Winds from $230/night | RVezy,211.0,Calgary,AB,Class C,2013.0,Thor,Motor Coach Four Winds,28.0,628,1.0,,,,230.0,1.0,1,1,25.0,1.0,5.0,19.0,4.9,4.9,4.9,5.0,1,1,0,Constance,93.0,0.0
213,https://www.rvezy.com/rv-rental/alberta_calgary_motorhome_campervan_other_odyssey_fc7952,Rent my 2010 Honda Odyssey from $207/night | RVezy,213.0,Calgary,AB,,2010.0,Honda,Odyssey,17.0,217,,,,,207.0,1.0,0,1,50.0,4.0,,,,,,,1,1,0,KB,100.0,0.0
214,https://www.rvezy.com/rv-rental/alberta_calgary_traveltrailer_traveltrailer_gulf-stream_conquest_ef22c6,Rent my 2021 Gulf Stream Conquest from $115/night | RVezy,214.0,Calgary,AB,Travel Trailer,2021.0,Gulf,Stream Conquest,19.0,519,,3663.0,"2""",638.0,115.0,1.0,0,0,,,5.0,11.0,5.0,5.0,5.0,5.0,1,1,1,Fiona,100.0,0.0
215,https://www.rvezy.com/rv-rental/alberta_calgary_traveltrailer_traveltrailer_keystone_springdale_9af84c,Rent my 2019 Keystone Springdale from $150/night | RVezy,215.0,Calgary,AB,Travel Trailer,2019.0,Keystone,Springdale,22.0,822,,4701.0,"2 5/16""",570.0,150.0,1.0,1,1,200.0,3.0,5.0,4.0,5.0,5.0,5.0,5.0,1,1,1,Katie,100.0,0.0
216,https://www.rvezy.com/rv-rental/alberta_calgary_motorhome_campervan_ford_transit-connect-_43aa6d,Rent my 2011 Ford Transit connect from $190/night | RVezy,216.0,Calgary,AB,,2011.0,Ford,Transit connect,12.0,212,,,,,190.0,500.0,1,1,50.0,2.0,,,,,,,1,1,0,Kelvin,100.0,0.0
218,https://www.rvezy.com/rv-rental/alberta_calgary_motorhome_campervan_ford_transit,Rent my 2010 Ford transit from $190/night | RVezy,216.0,Calgary,AB,,2010.0,Ford,transit,12.0,212,,,,,190.0,1.0,1,0,,,4.6,11.0,4.6,4.6,4.4,4.6,1,1,0,Kelvin,100.0,0.0
220,https://www.rvezy.com/rv-rental/alberta_calgary_motorhome_classb_ram_promaster-3500-extended_cbdf77,"Cozy custom crafted van with Shower, Toilet, Heat, Solar and more!",220.0,Calgary,AB,Class B,,,,21.0,221,,,,,,1.0,0,0,,,,,,,,,0,0,0,Tomas,100.0,0.0
221,https://www.rvezy.com/rv-rental/alberta_calgary_traveltrailer_traveltrailer_boler_13-foot_1,Rent my 1976 Boler 13 Foot from $161/night | RVezy,221.0,Calgary,AB,Travel Trailer,1976.0,Boler,13 Foot,13.0,213,,1750.0,"2""",90.0,161.0,1.0,1,1,100.0,2.5,5.0,10.0,5.0,5.0,5.0,5.0,0,0,0,Corinna,100.0,1.0
222,https://www.rvezy.com/rv-rental/alberta_calgary_traveltrailer_traveltrailer_boler_17foot,Rent my 1977 Boler 17foot from $167/night | RVezy,221.0,Calgary,AB,Travel Trailer,1977.0,Boler,17foot,17.0,417,,2500.0,"2""",200.0,167.0,1.0,1,1,100.0,2.5,5.0,7.0,4.9,5.0,5.0,5.0,0,0,0,Corinna,100.0,1.0
223,https://www.rvezy.com/rv-rental/alberta_calgary_traveltrailer_traveltrailer_keystone_passport-ultra-lite_0eb807,Rent my 2011 Keystone passport ultra lite from $150/night | RVezy,223.0,Calgary,AB,Travel Trailer,2011.0,Keystone,passport ultra lite,32.0,732,1.0,5600.0,"2""",640.0,150.0,1.0,0,1,200.0,1.5,4.4,2.0,4.0,4.0,4.5,5.0,0,0,0,laetitia,93.0,0.0
224,https://www.rvezy.com/rv-rental/alberta_calgary_traveltrailer_traveltrailer_forest-river_avenger-,"YYC Fully Stocked 26’ RV - bring food, clothes and bedding",224.0,Calgary,AB,Travel Trailer,,,,26.0,626,,5000.0,"2""",5000.0,,500.0,1,0,,,4.2,8.0,4.1,4.0,4.0,4.7,1,1,0,Nicole,93.0,0.0
227,https://www.rvezy.com/rv-rental/alberta_calgary_motorhome_classc_forest-river_sunseeker_a39722,Rent my 2011 Forest River Sunseeker from $448/night | RVezy,227.0,Calgary,AB,Class C,2011.0,Forest,River Sunseeker,32.0,832,2.0,,,,448.0,1.0,0,1,50.0,5.0,5.0,3.0,5.0,5.0,5.0,5.0,1,1,0,Anna,93.0,0.0
229,https://www.rvezy.com/rv-rental/alberta_calgary_traveltrailer_traveltrailer_coachmen_apex-221_1d3417,Rent my 2024 Coachmen Apex 221 from $138/night | RVezy,229.0,Calgary,AB,Travel Trailer,2024.0,Coachmen,Apex 221,26.0,426,1.0,4500.0,"2""",520.0,138.0,1.0,0,0,,,,,,,,,0,0,1,Peter,100.0,0.0
233,https://www.rvezy.com/rv-rental/alberta_calgary_motorhome_classb_ram_promaster-3500-159-ext_a9ec47,"Cozy custom crafted van with Shower, Toilet, A/C , Heat, Solar and more",220.0,Calgary,AB,Class B,,,,21.0,221,1.0,,,,,1.0,0,0,,,,,,,,,0,0,0,Tomas,100.0,0.0
234,https://www.rvezy.com/rv-rental/alberta_calgary_traveltrailer_traveltrailer_other_shadow-cruiser_df47e4,Rent my 2016 Cruiser RV Shadow cruiser from $138/night | RVezy,,Calgary,AB,Travel Trailer,2016.0,Cruiser,RV Shadow cruiser,22.0,322,1.0,3900.0,"2 5/16""",540.0,138.0,500.0,1,0,,,,,5.0,5.0,5.0,5.0,0,0,0,,,
235,https://www.rvezy.com/rv-rental/alberta_calgary_traveltrailer_traveltrailer_forest-river_cherokee-264dbh_05ed4d,Rent my 2023 Forest River Cherokee 264DBH from $132/night | RVezy,235.0,Calgary,AB,Travel Trailer,2023.0,Forest,River Cherokee 264DBH,30.0,930,1.0,6722.0,"2""",884.0,132.0,1.0,0,0,,,5.0,4.0,5.0,5.0,5.0,5.0,1,1,0,Eric,100.0,0.0
236,https://www.rvezy.com/rv-rental/alberta_calgary_motorhome_classc_forest-river-sunseeker-2450-available-for-rent-in-and-around-calgary_sunseeker-by-forest-river-2450,Rent my 2008 Forest River Sunseeker 2450 from $339/night | RVezy,236.0,Calgary,AB,Class C,2008.0,Forest,River Sunseeker 2450,26.0,426,1.0,,,,339.0,1.0,0,1,50.0,2.0,44.5,2.0,4.5,4.5,4.5,4.5,0,0,0,Prabal,100.0,0.0
239,https://www.rvezy.com/rv-rental/alberta_calgary_traveltrailer_traveltrailer_jayco_jayflight-264-bh_cbfc61,Family adventures in my Jayco Jayflight 264 bh Travel Trailer,239.0,Calgary,AB,Travel Trailer,,,,26.0,826,,5200.0,"2""",200.0,,1.0,1,0,,,,,,,,,0,1,1,Erin,100.0,0.0
240,https://www.rvezy.com/rv-rental/alberta_calgary_traveltrailer_traveltrailer_forest-river_wildcat-t26bhs_e9531d,Rent my 2012 Forest River Wildcat T26BHS from $200/night | RVezy,240.0,Calgary,AB,Travel Trailer,2012.0,Forest,River Wildcat T26BHS,26.0,826,1.0,6190.0,"2 5/16""",700.0,200.0,1.0,1,0,,,,,,,,,1,1,1,Benjamin,100.0,0.0
242,https://www.rvezy.com/rv-rental/alberta_calgary_motorhome_campervan_chevrolet_chevy-express-2500,Rent my 2011 Chevron Chevy express 2500 from $167/night | RVezy,242.0,Calgary,AB,,2011.0,Chevron,Chevy express 2500,20.0,220,,,,,167.0,500.0,0,1,100.0,2.0,4.9,23.0,5.0,4.9,5.0,5.0,1,1,0,Elissa,100.0,0.0
244,https://www.rvezy.com/rv-rental/alberta_calgary_motorhome_classc_coachmen_prism-2250le,Rent my 2016 Coachmen Prism 2250LE from $345/night | RVezy,244.0,Calgary,AB,Class C,2016.0,Coachmen,Prism 2250LE,24.0,424,2.0,,,,345.0,2.0,0,1,50.0,3.0,4.3,11.0,4.3,4.4,4.2,4.5,0,0,0,Steve,86.0,0.0
250,https://www.rvezy.com/rv-rental/alberta_calgary_motorhome_classc_majestic-leisure-craft_e450-ford,Rent my 2004 Majestic Leisure Craft E450 Ford from $288/night | RVezy,250.0,Calgary,AB,Class C,2004.0,Majestic,Leisure Craft E450 Ford,25.0,725,1.0,,,,288.0,1.0,1,1,50.0,2.25,4.8,32.0,4.9,4.8,4.6,5.0,1,1,0,Nerpaul,93.0,0.0
252,https://www.rvezy.com/rv-rental/alberta_milk-river_motorhome_classc_forest-river_sunseeker,Rent my 2015 Forest River sunseeker from $264/night | RVezy,252.0,Calgary,AB,Class C,2015.0,Forest,River sunseeker,28.0,728,2.0,,,,264.0,1.0,0,0,,,4.8,9.0,4.8,4.7,4.9,4.7,0,0,0,kam,100.0,0.0
253,https://www.rvezy.com/rv-rental/alberta_calgary_traveltrailer_traveltrailer_dutchmen_aspen-trail_2,Rent my 2021 Dutchmen Aspen Trail from $132/night | RVezy,253.0,Calgary,AB,Travel Trailer,2021.0,Dutchmen,Aspen Trail,21.0,621,,3200.0,"2 5/16""",407.0,132.0,1.0,0,1,200.0,4.0,4.8,27.0,4.8,4.8,4.8,4.8,1,1,0,Jingke,86.0,0.0
255,https://www.rvezy.com/rv-rental/alberta_calgary_traveltrailer_traveltrailer_other_grey-wolf26dbh_a5523d,Rent my 2021 Cherokee grey wolf Grey wolf26DBH from $150/night | RVezy,255.0,Calgary,AB,Travel Trailer,2021.0,Cherokee,grey wolf Grey wolf26DBH,32.0,832,1.0,5400.0,"2 5/16""",621.0,150.0,1.0,0,1,200.0,2.5,,,,,,,1,1,1,Samir,66.0,0.0
256,https://www.rvezy.com/rv-rental/alberta_calgary_traveltrailer_traveltrailer_jayco_26bhsw,Rent my 2016 Jayco 26BHSW from $150/night | RVezy,256.0,Calgary,AB,Travel Trailer,2016.0,Jayco,26BHSW,26.0,826,1.0,4500.0,"2""",,150.0,1.0,0,0,,,4.9,38.0,4.9,4.9,4.9,4.9,1,1,0,Brian,100.0,0.0
257,https://www.rvezy.com/rv-rental/alberta_calgary_traveltrailer_microtrailer_intech_pursue_17050e,Rent my 2018 inTech Pursue from $115/night | RVezy,257.0,Calgary,AB,Travel Trailer,2018.0,inTech,Pursue,13.0,213,,1195.0,"2""",240.0,115.0,1.0,0,0,,,5.0,2.0,5.0,5.0,5.0,5.0,1,1,0,Raymond,93.0,0.0
260,https://www.rvezy.com/rv-rental/alberta_calgary_motorhome_campervan_other_gmc-savana-2500-diesel_887754,Rent my 2006 GMC Savana 2500 Diesel GMC Savana 2500 Diesel from $217/night | RVezy,260.0,Calgary,AB,,2006.0,GMC,Savana 2500 Diesel GMC Savana 2500 Diesel,20.0,220,,,,,217.0,1.0,0,1,100.0,3.5,,,,,,,1,1,0,Karolina,100.0,0.0
261,https://www.rvezy.com/rv-rental/alberta_calgary_motorhome_campervan_other_glampervan_bfa5ed,Rent my 2011 Glacier Campers Glampervan from $229/night | RVezy,261.0,Calgary,AB,,2011.0,Glacier,Campers Glampervan,22.0,222,,,,,229.0,500.0,1,0,,,,,,,,,0,0,0,Mandy,93.0,0.0
262,https://www.rvezy.com/rv-rental/alberta_calgary_traveltrailer_traveltrailer_other_freeman-express-297-rlds_c6cdd5,Rent my 2014 Coachman freedom express Freeman express 297 rlds from $144/night | RVezy,262.0,Calgary,AB,Travel Trailer,2014.0,Coachman,freedom express Freeman express 297 rlds,35.0,635,2.0,6499.0,"2 5/16""",798.0,144.0,1.0,0,1,115.0,3.0,5.0,2.0,5.0,5.0,5.0,5.0,0,0,1,Kayla,100.0,0.0
263,https://www.rvezy.com/rv-rental/alberta_calgary_traveltrailer_toyhauler_forest-river_sandstorm_85890d,Rent my 2013 Forest River Sandstorm from $144/night | RVezy,263.0,Calgary,AB,Travel Trailer,2013.0,Forest,River Sandstorm,29.0,529,,7800.0,"2""",7800.0,144.0,1.0,1,1,100.0,2.0,,,4.0,3.0,4.0,5.0,0,0,1,Crystal,87.0,0.0
265,https://www.rvezy.com/rv-rental/alberta_calgary_motorhome_campervan_dodge_journey_3bbb76,Rent my 2009 Dodge Journey from $126/night | RVezy,265.0,Calgary,AB,,2009.0,Dodge,Journey,16.0,216,,,,,126.0,2.0,0,0,,,,,,,,,1,1,0,GT,100.0,0.0
267,https://www.rvezy.com/rv-rental/alberta_calgary_traveltrailer_tenttrailer_flagstaff_d265_d93be2,Rent my 2015 Flagstaff 265D from $104/night | RVezy,267.0,Calgary,AB,Travel Trailer,2015.0,Flagstaff,265D,26.0,826,1.0,2955.0,"2""",500.0,104.0,1.0,1,1,100.0,2.5,,,,,,,1,0,0,Michal,100.0,0.0
268,https://www.rvezy.com/rv-rental/alberta_calgary_traveltrailer_traveltrailer_keystone_hideout_d3dde2,Sasha's Keystone Hideout Travel Trailer *new upgraded mattress*,268.0,Calgary,AB,Travel Trailer,,,,20.0,620,1.0,4300.0,"2 5/16""",615.0,,1.0,1,0,,,5.0,10.0,4.9,4.9,5.0,5.0,1,1,0,Sasha,100.0,1.0
269,https://www.rvezy.com/rv-rental/alberta_calgary_motorhome_classc_adventurer-manufacturing_23rb_6b0bad,Rent my 2018 Adventurer Manufacturing 23RB from $253/night | RVezy,269.0,Calgary,AB,Class C,2018.0,Adventurer,Manufacturing 23RB,23.0,523,,,,,253.0,1.0,0,1,,,5.0,3.0,5.0,5.0,5.0,5.0,0,0,0,Michael,100.0,1.0
270,https://www.rvezy.com/rv-rental/alberta_calgary_traveltrailer_traveltrailer_dutchmen_317qbs,Rent my 2013 Dutchmen 317QBS from $150/night | RVezy,270.0,Calgary,AB,Travel Trailer,2013.0,Dutchmen,317QBS,33.0,1033,1.0,6800.0,"2 5/16""",963.0,150.0,1.0,0,0,,,4.9,22.0,4.9,4.8,4.9,5.0,0,0,0,Tania,100.0,1.0
272,https://www.rvezy.com/rv-rental/alberta_calgary_traveltrailer_traveltrailer_forest-river_no-boundaries-198,Rent my 2021 Forest River No Boundaries 19.8 from $125/night | RVezy,272.0,Calgary,AB,Travel Trailer,,,,22.0,522,1.0,3700.0,"2""",400.0,125.0,1.0,1,1,150.0,2.0,4.8,7.0,4.7,4.7,4.9,4.7,1,1,1,Jorge,100.0,1.0
273,https://www.rvezy.com/rv-rental/alberta_calgary_traveltrailer_traveltrailer_dutchmen_aspen-trail_b1fcdb,Rent my 2015 Dutchmen Aspen trail from $161/night | RVezy,273.0,Calgary,AB,Travel Trailer,2015.0,Dutchmen,Aspen trail,28.0,828,1.0,6750.0,"2""",1200.0,161.0,1.0,1,1,250.0,2.5,,,,,,,1,1,1,PJ,85.0,0.0
274,https://www.rvezy.com/rv-rental/alberta_calgary_traveltrailer_traveltrailer_boler_13-foot_2,Rent my 1976 Boler 13 Foot from $161/night | RVezy,221.0,Calgary,AB,Travel Trailer,1976.0,Boler,13 Foot,13.0,213,,1750.0,"2""",90.0,161.0,1.0,1,1,100.0,2.5,5.0,4.0,5.0,5.0,5.0,5.0,0,0,0,Corinna,100.0,1.0
277,https://www.rvezy.com/rv-rental/alberta_rocky-view-county_traveltrailer_traveltrailer_dutchmen_aspen-ridge,Rent my 2012 Dutchmen aspen ridge from $126/night | RVezy,276.0,Calgary,AB,Travel Trailer,2012.0,Dutchmen,aspen ridge,27.0,827,,4290.0,"2 5/16""",554.0,126.0,1.0,1,1,100.0,3.5,4.8,24.0,4.7,4.7,4.6,5.0,1,1,0,nick,93.0,1.0
280,https://www.rvezy.com/rv-rental/alberta_calgary_traveltrailer_traveltrailer_trailmanor_tm2720_75ac57,Rent my 2008 TrailManor TM2720 from $115/night | RVezy,280.0,Calgary,AB,Travel Trailer,2008.0,TrailManor,TM2720,27.0,627,2.0,2960.0,"2""",346.0,115.0,1.0,0,1,250.0,2.0,,,,,,,0,0,0,Guan,100.0,0.0
281,https://www.rvezy.com/rv-rental/alberta_calgary_traveltrailer_traveltrailer_dutchmen_bh170_608888,Rent my 2021 Dutchmen BH170 from $115/night | RVezy,203.0,Calgary,AB,Travel Trailer,2021.0,Dutchmen,BH170,21.0,221,,2950.0,"2 5/16""",150.0,115.0,1.0,1,0,,,,,,,,,0,0,1,Phong,100.0,1.0
283,https://www.rvezy.com/rv-rental/alberta_calgary_traveltrailer_traveltrailer_jayco_jayco-flight_e9625f,Rent my 2022 Jayco Jayco flight from $144/night | RVezy,102.0,Calgary,AB,Travel Trailer,2022.0,Jayco,Jayco flight,21.0,621,1.0,3500.0,"2""",375.0,144.0,500.0,1,0,,,,,,,,,0,0,0,Tom,100.0,1.0
284,https://www.rvezy.com/rv-rental/alberta_calgary_motorhome_classc_four-winds_majestic-23a,MAJESTIC TOURISTER MOTORHOME - CLASS C SLEEPS 4 - LOCATED AT CALGARY,284.0,Calgary,AB,Class C,,,,23.0,423,,,,,,1.0,0,0,,,4.7,22.0,4.7,4.7,4.7,4.7,1,1,0,Siddharta,100.0,0.0
285,https://www.rvezy.com/rv-rental/alberta_drumheller_traveltrailer_traveltrailer_other_2017_47826b,Rent my 2017 Shadow Cruiser 2017 from $150/night | RVezy,285.0,Calgary,AB,Travel Trailer,2017.0,Shadow,Cruiser 2017,28.0,828,1.0,5370.0,"2""",605.0,150.0,1.0,1,0,,,,,,,,,1,1,1,Kevin,100.0,0.0
286,https://www.rvezy.com/rv-rental/alberta_calgary_traveltrailer_traveltrailer_forest-river_viking_178382,Rent my 2019 Forest River Viking from $144/night | RVezy,286.0,Calgary,AB,Travel Trailer,2019.0,Forest,River Viking,22.0,622,1.0,4557.0,"2 5/16""",8100.0,144.0,1.0,0,1,250.0,2.5,,,,,,,1,1,0,George,100.0,0.0
287,https://www.rvezy.com/rv-rental/alberta_calgary_traveltrailer_traveltrailer_coachmen_freedom-express_a871e6,Rent my 2020 Coachmen Freedom Express from $130/night | RVezy,287.0,Calgary,AB,Travel Trailer,2020.0,Coachmen,Freedom Express,25.0,625,1.0,5263.0,"1 7/8""",671.0,130.0,1.0,1,1,250.0,2.0,5.0,7.0,5.0,5.0,5.0,5.0,1,1,0,Micheal,100.0,1.0
288,https://www.rvezy.com/rv-rental/alberta_calgary_traveltrailer_traveltrailer_yes_zinger-lite,Rent my 2020 YesL Zinger lite from $150/night | RVezy,288.0,Calgary,AB,Travel Trailer,2020.0,YesL,Zinger lite,27.0,427,1.0,5520.0,"1 7/8""",50.0,150.0,1.0,0,0,,,4.9,13.0,4.8,4.9,4.9,4.9,1,1,1,Ramon,100.0,0.0
289,https://www.rvezy.com/rv-rental/alberta_calgary_traveltrailer_traveltrailer_heartland_sundance-qb-291_5d56cb,Magnificent Family Adventurer The Sundance Quad bunk (QB 291) Travel Trailer,289.0,Calgary,AB,Travel Trailer,,,,32.0,1032,1.0,7000.0,"2""",700.0,,1.0,1,1,150.0,2.0,,,,,,,1,1,1,Jeff,100.0,0.0
290,https://www.rvezy.com/rv-rental/alberta_calgary_traveltrailer_traveltrailer_forest-river_cherokee-light_4a577c,Rent my 2007 Forest River Cherokee light from $138/night | RVezy,290.0,Calgary,AB,Travel Trailer,2007.0,Forest,River Cherokee light,31.0,831,2.0,5780.0,"2""",580.0,138.0,1.0,1,0,,,,,,,,,1,1,1,Olha,100.0,0.0
291,https://www.rvezy.com/rv-rental/alberta_calgary_traveltrailer_traveltrailer_coachmen_catalina_489180,Rent my 2011 Coachmen Catalina from $109/night | RVezy,291.0,Calgary,AB,Travel Trailer,2011.0,Coachmen,Catalina,24.0,624,1.0,7000.0,"2 5/16""",590.0,109.0,1.0,1,1,300.0,2.5,,,,,,,1,1,1,L,100.0,0.0
292,https://www.rvezy.com/rv-rental/alberta_calgary_traveltrailer_traveltrailer_gulf-stream_trail-boss-109ok_222718,Rent my 2025 Gulf Stream Trail Boss 109OK from $132/night | RVezy,292.0,Calgary,AB,Travel Trailer,2025.0,Gulf,Stream Trail Boss 109OK,12.0,212,,1510.0,"2 5/16""",240.0,132.0,1.0,1,1,250.0,2.0,,,5.0,5.0,5.0,5.0,0,0,0,Jordan,100.0,0.0
293,https://www.rvezy.com/rv-rental/alberta_calgary_motorhome_classc_2006-motorhome-with-everything-for-your-rockies-adventure_majestic-28a,Large Motorhome with everything for your Rockies adventure,293.0,Calgary,AB,Class C,,,,29.0,829,,,,,,1.0,0,1,100.0,1.5,3.6,5.0,3.8,3.8,3.2,3.4,0,0,0,Khojema,93.0,0.0
294,https://www.rvezy.com/rv-rental/alberta_calgary_motorhome_classc_thor-motor-coach_four-wind_39c35d,Rent my 2014 Ford Cutaway from $450/night | RVezy,294.0,Calgary,AB,Class C,2014.0,Ford,Cutaway,23.0,623,,,,,450.0,2.0,1,1,,,4.9,14.0,5.0,4.9,4.9,5.0,0,0,0,Kevin,100.0,0.0
298,https://www.rvezy.com/rv-rental/alberta_calgary_traveltrailer_traveltrailer_grand-design_imagine-2400bh,Rent my 2023 Grand Design Imagine 2800BH from $178/night | RVezy,298.0,Calgary,AB,Travel Trailer,2023.0,Grand,Design Imagine 2800BH,28.0,828,1.0,8500.0,"2 5/16""",605.0,178.0,1.0,1,0,,,4.9,38.0,5.0,4.9,4.9,4.9,0,0,1,Jordan,93.0,1.0
300,https://www.rvezy.com/rv-rental/alberta_calgary_traveltrailer_traveltrailer_coachmen_apex,Rent my 2021 Coachmen Apex from $172/night | RVezy,300.0,Calgary,AB,Travel Trailer,2021.0,Coachmen,Apex,19.0,519,1.0,3600.0,"2 5/16""",428.0,172.0,1.0,0,1,200.0,2.0,5.0,14.0,5.0,4.9,4.9,5.0,1,1,1,Ryan,100.0,0.0
303,https://www.rvezy.com/rv-rental/alberta_calgary_motorhome_classc_coachmen_2010-ford-,Rent my 2010 Coachmen 2010 Ford from $288/night | RVezy,250.0,Calgary,AB,Class C,2010.0,Coachmen,2010 Ford,25.0,625,,,,,288.0,1.0,1,1,50.0,2.25,4.9,30.0,4.9,4.9,4.7,4.9,1,1,0,Nerpaul,93.0,0.0
304,https://www.rvezy.com/rv-rental/alberta_calgary_motorhome_classc_majestic-leisure-craft_ford,Rent my 2016 Majestic Leisure Craft Ford from $288/night | RVezy,250.0,Calgary,AB,Class C,2016.0,Majestic,Leisure Craft Ford,23.0,623,,,,,288.0,1.0,1,1,50.0,2.25,4.8,33.0,4.9,4.8,4.6,4.9,1,1,0,Nerpaul,93.0,0.0
309,https://www.rvezy.com/rv-rental/alberta_calgary_traveltrailer_traveltrailer_happier-camper_hc1,Rent my 2022 Happier Camper HC1 from $120/night | RVezy,75.0,Calgary,AB,Travel Trailer,2022.0,Happier,Camper HC1,13.0,213,,1500.0,"2""",150.0,120.0,1.0,1,0,,,5.0,10.0,5.0,5.0,5.0,5.0,0,1,1,Dallas,93.0,0.0
310,https://www.rvezy.com/rv-rental/alberta_calgary_traveltrailer_hybrid_rockwood_a122s,Rent my 2014 Forest River A122S from $115/night | RVezy,310.0,Calgary,AB,Travel Trailer,2014.0,Forest,River A122S,19.0,419,,1955.0,"2""",283.0,115.0,500.0,1,1,100.0,3.67,4.8,16.0,4.8,4.8,4.7,4.8,0,0,0,John,100.0,0.0
313,https://www.rvezy.com/rv-rental/alberta_calgary_motorhome_classc_other_entegra-odyssey_6bad00,Rent my 2024 Jayco Entegra Odyssey from $322/night | RVezy,100.0,Calgary,AB,Class C,2024.0,Jayco,Entegra Odyssey,25.0,525,1.0,,,,322.0,1.0,0,1,150.0,5.0,,,5.0,5.0,5.0,5.0,0,0,0,Don,100.0,1.0
316,https://www.rvezy.com/rv-rental/alberta_calgary_traveltrailer_toyhauler_super-liteconquest_197bh,Rent my 2021 Super-lite/Conquest 197BH from $97/night | RVezy,,Calgary,AB,Travel Trailer,,,,22.0,522,,3663.0,"2""",638.0,97.0,500.0,1,0,,,4.8,49.0,4.9,4.8,4.8,4.7,0,1,0,,,
319,https://www.rvezy.com/rv-rental/alberta_calgary_traveltrailer_toyhauler_forest-river_vengeance_7cb2a4,Rent my 2021 Keystone Cougar Half-Ton from $150/night | RVezy,,Calgary,AB,Travel Trailer,2021.0,Keystone,Cougar Half-Ton,29.0,629,1.0,6200.0,"2 5/16""",800.0,150.0,1.0,0,1,,,5.0,16.0,5.0,4.9,5.0,5.0,0,0,1,,,
320,https://www.rvezy.com/rv-rental/alberta_calgary_traveltrailer_traveltrailer_other_261bhs_98ccc7,Rent my 2014 Thor Motor Coach Dutchmen 261BHS from $172/night | RVezy,320.0,Calgary,AB,Travel Trailer,2014.0,Thor,Motor Coach Dutchmen 261BHS,32.0,1032,1.0,6500.0,"2 5/16""",800.0,172.0,1.0,0,1,125.0,3.0,,,,,,,1,1,0,Olesha,83.0,0.0
321,https://www.rvezy.com/rv-rental/alberta_calgary_traveltrailer_tenttrailer_jayco_jay-feather_46d37e,Rent my 2014 Jayco Jay feather from $115/night | RVezy,192.0,Calgary,AB,Travel Trailer,2014.0,Jayco,Jay feather,20.0,820,2.0,4283.0,"2 5/16""",4283.0,115.0,400.0,0,0,,,,,,,,,1,0,0,Kelly,53.0,0.0
322,https://www.rvezy.com/rv-rental/alberta_calgary_motorhome_classc_thor-motor-coach_majestic_1,Rent my 2014 Thor Motor Coach Majestic from $236/night | RVezy,322.0,Calgary,AB,Class C,2014.0,Thor,Motor Coach Majestic,24.0,524,,,,,236.0,1.0,0,1,50.0,4.0,4.9,31.0,4.9,4.9,4.9,4.9,1,1,0,Thilak,100.0,0.0
323,https://www.rvezy.com/rv-rental/alberta_calgary_motorhome_campervan_overland-explorer-vehicles_gmc-savana-explorer_eae8a1,Rent my 2007 Overland Explorer Vehicles GMC SAVANA EXPLORER from $242/night | RVezy,260.0,Calgary,AB,,2007.0,Overland,Explorer Vehicles GMC SAVANA EXPLORER,18.0,218,,,,,242.0,1.0,0,1,150.0,3.5,,,,,,,1,1,0,Karolina,100.0,0.0
325,https://www.rvezy.com/rv-rental/alberta_calgary_motorhome_campervan_dodge_promaster_e80bf7,Rent my 2016 Dodge Promaster from $172/night | RVezy,325.0,Calgary,AB,,2016.0,Dodge,Promaster,12.0,212,,,,,172.0,1.0,1,0,,,,,,,,,1,1,0,Harman,100.0,0.0
327,https://www.rvezy.com/rv-rental/alberta_calgary_traveltrailer_traveltrailer_jayco_2025-jay-flight-slx-265bhsw_577f8e,Rent my 2025 Jayco 2025 Jay Flight SLX 265BHSW from $172/night | RVezy,327.0,Calgary,AB,Travel Trailer,2025.0,Jayco,2025 Jay Flight SLX 265BHSW,31.0,831,1.0,7583.0,"2 5/16""",635.0,172.0,1.0,1,1,,,,,,,,,0,0,1,Maddy,100.0,0.0
328,https://www.rvezy.com/rv-rental/alberta_calgary_motorhome_classc_other_four-winds_ce4fa8,Rent my 2018 Ford Thor Four Winds from $328/night | RVezy,328.0,Calgary,AB,Class C,2018.0,Ford,Thor Four Winds,31.0,831,2.0,,,,328.0,1.0,1,0,,,,,,,,,0,1,0,Angela,100.0,0.0
329,https://www.rvezy.com/rv-rental/alberta_calgary_motorhome_classc_ford_e450_8fe2d5,Rent my 2011 Ford E450 from $229/night | RVezy,329.0,Calgary,AB,Class C,2011.0,Ford,E450,24.0,624,4.0,,,,229.0,999.0,0,1,100.0,2.5,,,,,,,0,0,0,Habiba,91.0,0.0
330,https://www.rvezy.com/rv-rental/alberta_calgary_traveltrailer_traveltrailer_aerolite_282dbhs,Rent my 2014 Other 282DBHS from $144/night | RVezy,330.0,Calgary,AB,Travel Trailer,2014.0,Other,282DBHS,32.0,832,1.0,6000.0,"2 5/16""",846.0,144.0,1.0,1,0,,,5.0,23.0,5.0,5.0,5.0,5.0,1,1,0,Sonia,100.0,1.0
331,https://www.rvezy.com/rv-rental/alberta_calgary_motorhome_classa_forest-river_georgetown-,Rent my 2014 Forest River Georgetown from $380/night | RVezy,331.0,Calgary,AB,Class A,2014.0,Forest,River Georgetown,34.0,634,3.0,,,,380.0,1.0,1,1,150.0,2.4,4.8,28.0,4.9,4.8,4.8,4.9,1,1,0,Sunil,100.0,1.0
332,https://www.rvezy.com/rv-rental/alberta_calgary_traveltrailer_traveltrailer_forest-river_cruise-lite_e375bb,Rent my 2018 Forest River Cruise Lite from $138/night | RVezy,332.0,Calgary,AB,Travel Trailer,2018.0,Forest,River Cruise Lite,21.0,421,,3200.0,"2""",434.0,138.0,1.0,1,0,,,,,,,,,1,1,0,Eric,100.0,0.0
333,https://www.rvezy.com/rv-rental/alberta_calgary_motorhome_classb_airstream_interstate-gt_7a50a0,Rent my 2017 Airstream interstate GT from $350/night | RVezy,333.0,Calgary,AB,Class B,2017.0,Airstream,interstate GT,24.0,224,,,,,350.0,2.0,0,1,100.0,1.0,5.0,2.0,5.0,5.0,5.0,5.0,0,0,0,Glenn,91.0,0.0
334,https://www.rvezy.com/rv-rental/alberta_calgary_motorhome_classc_ford_24-ds-adventurer_ab0667,Rent my 2018 Ford 24 DS Adventurer from $322/night | RVezy,,Calgary,AB,Class C,2018.0,Ford,24 DS Adventurer,24.0,624,1.0,,,,322.0,1.0,0,1,,,5.0,2.0,5.0,5.0,5.0,5.0,1,0,0,,,
336,https://www.rvezy.com/rv-rental/new-brunswick_saint-john_traveltrailer_tenttrailer_forest-river_rockwood-1910esp,Rent my 2018 Forest River Rockwood 1910ESP from $110/night | RVezy,336.0,Calgary,AB,Travel Trailer,2018.0,Forest,River Rockwood 1910ESP,20.0,620,2.0,2189.0,"2""",254.0,110.0,750.0,1,0,,,5.0,30.0,4.9,4.9,5.0,5.0,1,1,0,Nick,100.0,1.0
339,https://www.rvezy.com/rv-rental/alberta_calgary_motorhome_classb_ford_transit_226903,Rent my 2022 Ford Transit from $207/night | RVezy,339.0,Calgary,AB,Class B,2022.0,Ford,Transit,19.0,219,,,,,207.0,1.0,1,0,,,5.0,2.0,5.0,5.0,5.0,5.0,0,0,0,Willy,100.0,0.0
340,https://www.rvezy.com/rv-rental/alberta_calgary_traveltrailer_traveltrailer_dutchmen_tada_dad05f,Rent my 2009 Dutchmen TADA from $167/night | RVezy,340.0,Calgary,AB,Travel Trailer,2009.0,Dutchmen,TADA,18.0,318,,2200.0,"2""",145.0,167.0,1.0,0,1,50.0,1.5,5.0,6.0,5.0,5.0,5.0,5.0,1,1,0,Richard,93.0,1.0
344,https://www.rvezy.com/rv-rental/alberta_calgary_traveltrailer_traveltrailer_fleetwood_pioneer-190fq_7d9f6a,Rent my 2024 Prime Time Avenger 24BHS from $167/night | RVezy,344.0,Calgary,AB,Travel Trailer,2024.0,Prime,Time Avenger 24BHS,24.0,824,1.0,7724.0,"2 5/16""",660.0,167.0,1.0,1,1,250.0,2.25,,,,,,,1,1,1,Alexander,100.0,0.0
346,https://www.rvezy.com/rv-rental/alberta_calgary_motorhome_classc_adventurer-manufacturing_220-rb_6a110c,Rent my 2010 Adventurer Manufacturing 220 RB from $259/night | RVezy,346.0,Calgary,AB,Class C,2010.0,Adventurer,Manufacturing 220 RB,24.0,624,,,,,259.0,1.0,0,0,,,5.0,10.0,5.0,4.9,4.9,5.0,0,1,0,Iryna,100.0,1.0
347,https://www.rvezy.com/rv-rental/alberta_calgary_traveltrailer_traveltrailer_highland-ridge-rv_range-lite-241bh_3ca9a9,Rent my 2022 Highland Ridge RV Range lite 241BH from $155/night | RVezy,2.0,Calgary,AB,Travel Trailer,2022.0,Highland,Ridge RV Range lite 241BH,24.0,824,1.0,5800.0,"2 5/16""",585.0,155.0,1.0,1,1,,,,,,,,,1,1,1,Ryan,75.0,0.0
349,https://www.rvezy.com/rv-rental/alberta_calgary_traveltrailer_traveltrailer_palomino_283bhce_94d1ce,Rent my 2025 Palomino 283BHCE from $201/night | RVezy,349.0,Calgary,AB,Travel Trailer,2025.0,Palomino,283BHCE,30.0,830,1.0,6008.0,"2 5/16""",730.0,201.0,1.0,1,1,250.0,4.0,,,,,,,0,0,0,Stuart,100.0,0.0
350,https://www.rvezy.com/rv-rental/british-columbia_pitt-meadows_traveltrailer_traveltrailer_crossroads_zinger-1800-rd,Rent my 2021 Crossroads Zinger 1800 RD from $200/night | RVezy,350.0,Calgary,AB,Travel Trailer,2021.0,Crossroads,Zinger 1800 RD,18.0,318,,3500.0,"2""",426.0,200.0,1.0,0,0,,,5.0,4.0,5.0,5.0,5.0,5.0,1,1,1,Luis,93.0,0.0
351,https://www.rvezy.com/rv-rental/alberta_calgary_traveltrailer_traveltrailer_other_open-range_eb851b,Rent my 2022 Travel and rv Open range from $115/night | RVezy,351.0,Calgary,AB,Travel Trailer,2022.0,Travel,and rv Open range,22.0,222,1.0,3780.0,"2""",1120.0,115.0,1.0,0,1,100.0,2.0,,,,,,,0,0,1,Avelino,100.0,0.0
353,https://www.rvezy.com/rv-rental/alberta_calgary_traveltrailer_hybrid_starcraft_launch-extreme_f8f059,Rent my 2017 Starcraft Launch Extreme from $114/night | RVezy,63.0,Calgary,AB,Travel Trailer,2017.0,Starcraft,Launch Extreme,22.0,522,,3282.0,"2""",540.0,114.0,500.0,1,0,,,,,5.0,5.0,5.0,5.0,1,1,1,Mike,100.0,1.0
354,https://www.rvezy.com/rv-rental/alberta_calgary_traveltrailer_traveltrailer_forest-river_rpod-190,Rent my 2021 Forest River RPOD 190 from $125/night | RVezy,272.0,Calgary,AB,Travel Trailer,2021.0,Forest,River RPOD 190,19.0,319,1.0,2980.0,"2""",310.0,125.0,1.0,1,1,150.0,2.0,4.8,9.0,4.8,4.4,5.0,4.9,1,1,1,Jorge,100.0,1.0
355,https://www.rvezy.com/rv-rental/alberta_calgary_motorhome_classa_fleetwood_bounder,Rent my 2012 Fleetwood Bounder from $316/night | RVezy,355.0,Calgary,AB,Class A,2012.0,Fleetwood,Bounder,34.0,634,3.0,,,,316.0,1.0,0,1,,,4.7,20.0,4.7,4.7,4.5,4.8,1,1,0,Peng,100.0,1.0
356,https://www.rvezy.com/rv-rental/alberta_calgary_traveltrailer_traveltrailer_jayco_jayflight-slx-265-rls_7fdbc4,Rent my 2022 Jayco Jayflight SLX 265 RLS from $130/night | RVezy,356.0,Calgary,AB,Travel Trailer,2022.0,Jayco,Jayflight SLX 265 RLS,31.0,631,1.0,6110.0,"2 5/16""",710.0,130.0,1.0,0,0,,,4.9,4.0,5.0,4.8,5.0,4.8,1,1,1,Karla,100.0,1.0
357,https://www.rvezy.com/rv-rental/alberta_calgary_traveltrailer_traveltrailer_keystone_bullet_b80c4d,Rent my 2015 Keystone bullet from $125/night | RVezy,357.0,Calgary,AB,Travel Trailer,2015.0,Keystone,bullet,35.0,635,2.0,6610.0,"2 5/16""",660.0,125.0,1.0,1,0,,,5.0,3.0,5.0,5.0,5.0,5.0,1,1,0,Jeffrey,93.0,0.0
359,https://www.rvezy.com/rv-rental/alberta_calgary_traveltrailer_traveltrailer_keystone_passport-ultralite-grand-touring_bd8b71,Rent my 2011 Keystone Passport Ultralite Grand Touring from $121/night | RVezy,359.0,Calgary,AB,Travel Trailer,2011.0,Keystone,Passport Ultralite Grand Touring,33.0,1033,1.0,5452.0,"2""",535.0,121.0,1.0,1,1,100.0,2.5,,,,,,,1,1,0,Alicia,92.0,1.0
360,https://www.rvezy.com/rv-rental/alberta_calgary_traveltrailer_traveltrailer_other_ecocamp-17ds_82de22,Rent my 2015 Skyline ecocamp 17ds from $104/night | RVezy,360.0,Calgary,AB,Travel Trailer,2015.0,Skyline,ecocamp 17ds,17.0,317,1.0,4650.0,"2""",350.0,104.0,1.0,1,1,150.0,2.5,5.0,3.0,5.0,5.0,5.0,5.0,1,1,0,Teresa,93.0,0.0
367,https://www.rvezy.com/rv-rental/alberta_calgary_traveltrailer_traveltrailer_palomino_palomini,"New, Light Weight, Family-Friendly trailer (no cleaning fees!)",,Calgary,AB,Travel Trailer,,,,23.0,523,1.0,3950.0,"2 5/16""",545.0,,1.0,0,1,250.0,4.5,4.8,18.0,4.7,4.9,4.9,4.7,1,1,1,,,
368,https://www.rvezy.com/rv-rental/alberta_cochrane_traveltrailer_traveltrailer_keystone_bullet-crossfire_eb0bf1,Rent my 2022 Keystone Bullet Crossfire from $161/night | RVezy,258.0,Calgary,AB,Travel Trailer,2022.0,Keystone,Bullet Crossfire,22.0,622,,3694.0,"2 5/16""",375.0,161.0,850.0,1,1,200.0,3.25,4.9,11.0,4.9,4.7,5.0,5.0,0,0,0,David,93.0,0.0
369,https://www.rvezy.com/rv-rental/alberta_calgary_traveltrailer_traveltrailer_shasta_revere-28qb_c2a043,Rent my 2016 Shasta Revere 28QB from $138/night | RVezy,127.0,Calgary,AB,Travel Trailer,2016.0,Shasta,Revere 28QB,30.0,1030,1.0,6800.0,"2 5/16""",620.0,138.0,1.0,1,1,250.0,2.25,,,,,,,0,0,1,Paul,100.0,0.0
370,https://www.rvezy.com/rv-rental/alberta_calgary_traveltrailer_traveltrailer_forest-river_26djse,Rent my 2021 Forest River 26DJSE from $140/night | RVezy,370.0,Calgary,AB,Travel Trailer,2021.0,Forest,River 26DJSE,30.0,930,,4558.0,"2 5/16""",574.0,140.0,1.0,0,1,200.0,6.0,5.0,28.0,5.0,5.0,4.9,5.0,0,0,0,Ivana,100.0,1.0
371,https://www.rvezy.com/rv-rental/alberta_calgary_motorhome_classc_thor-motor-coach_four-winds-2022_6f2989,Rent my 2022 Thor Motor Coach Four winds 2022 from $288/night | RVezy,,Calgary,AB,Class C,2022.0,Thor,Motor Coach Four winds 2022,25.0,625,,,,,288.0,500.0,0,0,,,4.1,11.0,4.3,4.5,2.6,4.9,0,0,0,,,
372,https://www.rvezy.com/rv-rental/alberta_calgary_motorhome_classb_pleasure-way_lexor-fl-,Rent my 2018 Pleasure-Way Lexor FL from $300/night | RVezy,372.0,Calgary,AB,Class B,2018.0,Pleasure-Way,Lexor FL,21.0,221,,,,,300.0,1.0,0,0,,,4.9,13.0,4.8,4.8,5.0,4.9,0,0,0,Ed,100.0,0.0
373,https://www.rvezy.com/rv-rental/alberta_calgary_traveltrailer_traveltrailer_forest-river_2706ws_987e9d,Rent my 2021 Forest River 2706WS from $201/night | RVezy,373.0,Calgary,AB,Travel Trailer,2021.0,Forest,River 2706WS,32.0,832,2.0,8600.0,"2 5/16""",908.0,201.0,1.0,1,1,150.0,2.5,5.0,5.0,5.0,5.0,5.0,5.0,0,0,1,Todd,100.0,1.0
374,https://www.rvezy.com/rv-rental/alberta_calgary_traveltrailer_traveltrailer_jayco_eagle_c81a1c,Rent my 1994 Jayco Eagle from $85/night | RVezy,374.0,Calgary,AB,Travel Trailer,1994.0,Jayco,Eagle,24.0,624,,5250.0,"2 5/16""",400.0,85.0,1.0,1,1,550.0,2.5,,,,,,,1,1,0,Yasir,100.0,0.0
375,https://www.rvezy.com/rv-rental/alberta_calgary_motorhome_classc_winnebago_trend-23l_87027a,Rent my 2015 Winnebago Trend 23L from $334/night | RVezy,375.0,Calgary,AB,Class C,2015.0,Winnebago,Trend 23L,25.0,425,,,,,334.0,1.0,0,1,100.0,1.5,4.9,10.0,4.9,4.8,4.9,5.0,1,1,0,Kevin,100.0,0.0
376,https://www.rvezy.com/rv-rental/alberta_calgary_motorhome_classc_forest-river_sunseeker-23ft_8f94e0,Rent my 2023 Forest River Sunseeker 24ft from $200/night | RVezy,376.0,Calgary,AB,Class C,2023.0,Forest,River Sunseeker 24ft,24.0,524,,,,,200.0,2.0,1,1,15.0,2.0,,,,,,,0,0,0,Dre,86.0,0.0
379,https://www.rvezy.com/rv-rental/alberta_calgary_traveltrailer_microtrailer_other_teardrop-trailer_47a36f,Rent my 2018 Chesapeake light craft Teardrop trailer from $86/night | RVezy,379.0,Calgary,AB,Travel Trailer,2018.0,Chesapeake,light craft Teardrop trailer,8.0,28,,1000.0,"1 7/8""",120.0,86.0,500.0,1,0,,,,,5.0,5.0,5.0,5.0,0,0,0,Michelle,100.0,0.0
380,https://www.rvezy.com/rv-rental/alberta_calgary_traveltrailer_traveltrailer_cruiser-rv_hitch_27f4c4,Rent my 2022 Cruiser RV HITCH from $172/night | RVezy,380.0,Calgary,AB,Travel Trailer,2022.0,Cruiser,RV HITCH,22.0,522,1.0,3700.0,"2 5/16""",556.0,172.0,1.0,0,1,150.0,2.0,5.0,4.0,5.0,5.0,5.0,5.0,1,1,0,Mike,100.0,1.0
381,https://www.rvezy.com/rv-rental/alberta_calgary_motorhome_classa_thor-motor-coach_thor-ace-323-2022_135704,Rent my 2022 Thor Motor Coach Thor Ace 32.3 2022 from $400/night | RVezy,381.0,Calgary,AB,Class A,,,,35.0,635,1.0,,,,400.0,1.0,1,1,,,5.0,3.0,5.0,5.0,5.0,5.0,0,0,0,Sandro,80.0,0.0
383,https://www.rvezy.com/rv-rental/alberta_calgary_traveltrailer_traveltrailer_fleetwood_mallard_0f491b,Rent my 2001 Fleetwood Mallard from $115/night | RVezy,383.0,Calgary,AB,Travel Trailer,2001.0,Fleetwood,Mallard,24.0,424,1.0,3500.0,"2 5/16""",453.0,115.0,1.0,1,0,,,,,,,,,1,1,0,Geoff,100.0,0.0
384,https://www.rvezy.com/rv-rental/alberta_calgary_traveltrailer_traveltrailer_gulf-stream_northern-express-,Rent my 2021 Gulf Stream Northern Express from $138/night | RVezy,384.0,Calgary,AB,Travel Trailer,2021.0,Gulf,Stream Northern Express,18.0,518,,3288.0,"2 5/16""",370.0,138.0,1.0,1,1,200.0,2.0,5.0,28.0,5.0,4.9,5.0,5.0,1,1,0,Ediseo,100.0,1.0
385,https://www.rvezy.com/rv-rental/alberta_calgary_traveltrailer_traveltrailer_jayco_jayco-jayflight-slx_436b32,Rent my 2016 Jayco Jayflight SLX from $120/night | RVezy,385.0,Calgary,AB,Travel Trailer,2016.0,Jayco,Jayflight SLX,30.0,1030,1.0,5615.0,"2 5/16""",645.0,120.0,1.0,1,1,200.0,2.5,5.0,7.0,5.0,4.9,5.0,5.0,1,1,1,Breanne,73.0,0.0
386,https://www.rvezy.com/rv-rental/ontario_hamilton_traveltrailer_microtrailer_the-tear-drop-trailer_diamond-in-the-rough,Rent my 2019 The Teardrop Trailer Diamond In The Rough from $104/night | RVezy,386.0,Calgary,AB,Travel Trailer,2019.0,The,Teardrop Trailer Diamond In The Rough,8.0,28,,750.0,"2""",900.0,104.0,1.0,1,1,50.0,5.5,4.8,21.0,4.7,4.8,4.7,5.0,1,1,0,Michael,93.0,0.0
387,https://www.rvezy.com/rv-rental/alberta_calgary_traveltrailer_traveltrailer_grand-design_200mk_bf68d5,Rent my 2022 Grand Design 200MK from $150/night | RVezy,387.0,Calgary,AB,Travel Trailer,2022.0,Grand,Design 200MK,25.0,425,1.0,4800.0,"2 5/16""",480.0,150.0,1.0,1,0,,,,,,,,,1,1,0,andrew,100.0,0.0
389,https://www.rvezy.com/rv-rental/alberta_calgary_traveltrailer_traveltrailer_kustom-koach_kt264_fb5322,Rent my 2007 Kustom Koach KT264 from $144/night | RVezy,389.0,Calgary,AB,Travel Trailer,2007.0,Kustom,Koach KT264,27.0,627,,5000.0,"2 5/16""",1.0,144.0,1.0,1,0,,,,,,,,,0,0,1,Kelcie,100.0,0.0
391,https://www.rvezy.com/rv-rental/alberta_calgary_motorhome_classc_coachmen_concorde-300ds_468bb1,Rent my 2017 Coachmen Concorde 300DS from $300/night | RVezy,391.0,Calgary,AB,Class C,2017.0,Coachmen,Concorde 300DS,32.0,632,2.0,,,,300.0,2.0,0,1,150.0,1.75,,,5.0,5.0,5.0,5.0,1,0,0,Grant,90.0,0.0
392,https://www.rvezy.com/rv-rental/alberta_calgary_traveltrailer_traveltrailer_jayco_jay-flight-324bds_abd421,Rent my 2025 Jayco Jay flight 324BDS from $172/night | RVezy,392.0,Calgary,AB,Travel Trailer,2025.0,Jayco,Jay flight 324BDS,32.0,1032,2.0,9600.0,"2 5/16""",1070.0,172.0,1.0,1,1,150.0,1.5,,,5.0,5.0,5.0,5.0,0,0,0,Corey,100.0,1.0
393,https://www.rvezy.com/rv-rental/alberta_calgary_traveltrailer_traveltrailer_dutchmen_lite_92c05d,Rent my 2011 Dutchmen lite from $126/night | RVezy,393.0,Calgary,AB,Travel Trailer,2011.0,Dutchmen,lite,30.0,730,1.0,5476.0,"2""",676.0,126.0,1.0,0,1,200.0,2.0,4.9,7.0,5.0,4.7,4.7,5.0,0,0,1,Shane,100.0,1.0
394,https://www.rvezy.com/rv-rental/alberta_calgary_traveltrailer_traveltrailer_apache_21-dual-axel,Rent my 2001 Other 21 Dual Axel from $144/night | RVezy,394.0,Calgary,AB,Travel Trailer,2001.0,Other,21 Dual Axel,21.0,521,,3300.0,"2""",200.0,144.0,1.0,0,1,50.0,5.5,4.3,12.0,4.4,4.0,4.1,4.6,1,1,0,Andrew,100.0,0.0
397,https://www.rvezy.com/rv-rental/alberta_calgary_motorhome_classc_jayco_melbourne_279f5f,Rent my 2022 Jayco melbourne from $331/night | RVezy,397.0,Calgary,AB,Class C,2022.0,Jayco,melbourne,25.0,525,1.0,,,,331.0,2.0,1,0,,,4.8,4.0,4.8,4.8,4.8,4.8,0,0,0,Yang,100.0,1.0
398,https://www.rvezy.com/rv-rental/alberta_calgary_traveltrailer_hybrid_jayco_jay-feather-hybrid,Rent my 2008 Jayco Jay feather hybrid from $144/night | RVezy,,Calgary,AB,Travel Trailer,2008.0,Jayco,Jay feather hybrid,19.0,619,,3565.0,"2 5/16""",538.0,144.0,1.0,0,0,,,4.8,10.0,4.9,4.8,4.7,4.9,1,1,0,,,
399,https://www.rvezy.com/rv-rental/alberta_calgary_traveltrailer_toyhauler_forest-river_no-bo-nb106,"Adventure Seeking Weekend Warrior No Boundaries NB10.6 ""Micro Toy Hauler""",399.0,Calgary,AB,Travel Trailer,,,,14.0,414,,3800.0,"2""",236.0,,1.0,1,1,200.0,1.2,5.0,17.0,5.0,4.9,5.0,5.0,0,0,0,Boyd,100.0,1.0
400,https://www.rvezy.com/rv-rental/alberta_calgary_motorhome_classc_majestic_23a,DARE TO TRAVEL WITH THE BEST! – MAJICAL FUN TIMES WAITING FOR YOUR NEXT ADVENTURE,400.0,Calgary,AB,Class C,,,,27.0,727,2.0,,,,,3.0,0,0,,,5.0,30.0,5.0,5.0,5.0,5.0,0,0,0,Torrine,100.0,1.0
401,https://www.rvezy.com/rv-rental/alberta_calgary_motorhome_classc_jayco_-ford,Rent my 2006 Jayco Ford from $288/night | RVezy,250.0,Calgary,AB,Class C,2006.0,Jayco,Ford,25.0,625,1.0,,,,288.0,1.0,0,1,50.0,2.25,5.0,35.0,5.0,5.0,4.9,5.0,1,1,0,Nerpaul,93.0,0.0
402,https://www.rvezy.com/rv-rental/alberta_calgary_motorhome_classc_sunseeker_ford-,Rent my 2013 Forest River Ford from $288/night | RVezy,250.0,Calgary,AB,Class C,2013.0,Forest,River Ford,26.0,726,1.0,,,,288.0,1.0,1,1,50.0,2.25,4.8,32.0,4.9,4.8,4.8,4.9,1,1,0,Nerpaul,93.0,0.0
404,https://www.rvezy.com/rv-rental/alberta_calgary_motorhome_classc_forest-river_lexington_64dd85,Rent my 2012 Forest River Lexington from $150/night | RVezy,404.0,Calgary,AB,Class C,2012.0,Forest,River Lexington,27.0,427,2.0,,,,150.0,2.0,0,0,,,5.0,23.0,5.0,5.0,5.0,5.0,0,0,0,sean,100.0,1.0
406,https://www.rvezy.com/rv-rental/alberta_calgary_traveltrailer_traveltrailer_airstream_basecamp_75320e,Rent my 2018 Airstream Basecamp from $114/night | RVezy,393.0,Calgary,AB,Travel Trailer,2018.0,Airstream,Basecamp,16.0,216,,2650.0,"2 5/16""",410.0,114.0,1.0,0,0,,,4.9,4.0,4.8,4.8,5.0,5.0,0,0,1,Shane,100.0,1.0
407,https://www.rvezy.com/rv-rental/alberta_calgary_motorhome_classc_other_adventurer-23rb_a654a6,"Your goldilocks RV, perfect for any experience! Inquire about snowbird specials.",407.0,Calgary,AB,Class C,,,,23.0,523,,,,,,1.0,0,0,,,5.0,2.0,5.0,5.0,5.0,5.0,0,0,0,Chi,100.0,1.0
408,https://www.rvezy.com/rv-rental/alberta_calgary_traveltrailer_traveltrailer_forest-river_wolf-pup-17jg_f513fa,Rent my 2022 Forest River Wolf Pup 17JG from $150/night | RVezy,186.0,Calgary,AB,Travel Trailer,2022.0,Forest,River Wolf Pup 17JG,21.0,621,1.0,3880.0,"1 7/8""",444.0,150.0,1.0,1,1,200.0,2.75,,,,,,,1,1,1,David,90.0,0.0
409,https://www.rvezy.com/rv-rental/alberta_calgary_motorhome_classc_triple-e_senator-,Rent my 2007 Triple E Senator from $230/night | RVezy,409.0,Calgary,AB,Class C,2007.0,Triple,E Senator,24.0,624,,,,,230.0,1.0,0,0,,,4.9,40.0,4.9,4.9,4.9,5.0,1,1,0,KEVIN,100.0,0.0
410,https://www.rvezy.com/rv-rental/alberta_calgary_motorhome_classa_coachmen_mirada-300qb_325231,Rent my 2006 Coachmen Mirada-300QB from $288/night | RVezy,,Calgary,AB,Class A,2006.0,Coachmen,Mirada-300QB,32.0,632,,,,,288.0,1.0,0,0,,,4.9,9.0,4.9,4.7,4.9,5.0,1,1,0,,,
411,https://www.rvezy.com/rv-rental/alberta_calgary_traveltrailer_microtrailer_other_tag-xl_b52a97,Rent my 2023 Other Tag XL from $120/night | RVezy,411.0,Calgary,AB,Travel Trailer,2023.0,Other,Tag XL,13.0,213,,1340.0,"2""",123.0,120.0,1.0,1,0,,,4.7,12.0,4.7,4.7,4.5,4.7,0,0,0,Victoria,86.0,0.0
412,https://www.rvezy.com/rv-rental/alberta_calgary_traveltrailer_traveltrailer_keystone_m26bhwe_4057c9,Rent my 2021 Keystone M26BHWE from $121/night | RVezy,412.0,Calgary,AB,Travel Trailer,2021.0,Keystone,M26BHWE,30.0,1030,1.0,5927.0,"2""",620.0,121.0,1.0,0,1,,,,,,,,,0,0,1,Jas,73.0,0.0
414,https://www.rvezy.com/rv-rental/alberta_calgary_motorhome_campervan_mercedes-benz_sprinter_b6be33,Indy' Our Family Adventure Campervan-Banff National park and Kananaskis passes included.,414.0,Calgary,AB,,,,,,419,,,,,,1.0,0,1,100.0,2.0,,,5.0,5.0,5.0,5.0,0,0,0,Jenny,100.0,0.0
415,https://www.rvezy.com/rv-rental/alberta_calgary_motorhome_classc_adventurer-manufacturing_class-c-23rb_ec80c5,Rent my 2017 Adventurer Manufacturing Class C 23RB from $259/night | RVezy,415.0,Calgary,AB,Class C,2017.0,Adventurer,Manufacturing Class C 23RB,23.0,623,,,,,259.0,1.0,1,1,100.0,5.0,4.9,20.0,5.0,4.9,4.8,5.0,0,0,0,Corey,93.0,1.0
416,https://www.rvezy.com/rv-rental/alberta_calgary_motorhome_classc_adventurer-manufacturing_24ds_db088b,Rent my 2020 Adventurer Manufacturing 24DS from $259/night | RVezy,415.0,Calgary,AB,Class C,2020.0,Adventurer,Manufacturing 24DS,25.0,625,1.0,,,,259.0,1.0,1,1,100.0,5.0,5.0,7.0,5.0,5.0,5.0,5.0,0,0,0,Corey,93.0,1.0
417,https://www.rvezy.com/rv-rental/alberta_calgary_traveltrailer_traveltrailer_coleman_dutchmen-lantern-lt-274bh_418600,Rent my 2022 Coleman Dutchmen Lantern LT 274BH from $150/night | RVezy,417.0,Calgary,AB,Travel Trailer,2022.0,Coleman,Dutchmen Lantern LT 274BH,29.0,1029,,4691.0,"2 5/16""",570.0,150.0,1.0,1,1,400.0,2.5,,,5.0,5.0,5.0,5.0,1,1,1,Brandon,100.0,0.0
418,https://www.rvezy.com/rv-rental/alberta_calgary_traveltrailer_traveltrailer_jayco_whitehawk-33bhbs,Rent my 2017 Jayco Whitehawk 33BHBS from $126/night | RVezy,418.0,Calgary,AB,Travel Trailer,2017.0,Jayco,Whitehawk 33BHBS,33.0,1033,2.0,8000.0,"2""",865.0,126.0,1.0,0,0,,,5.0,16.0,5.0,5.0,4.9,5.0,1,1,0,CLARENCE,86.0,0.0
419,https://www.rvezy.com/rv-rental/alberta_calgary_traveltrailer_traveltrailer_forest-river_cherokee-grey-wolf,Rent my 2022 Forest River Cherokee Grey Wolf from $140/night | RVezy,419.0,Calgary,AB,Travel Trailer,2022.0,Forest,River Cherokee Grey Wolf,29.0,729,1.0,7621.0,"2""",621.0,140.0,1.0,1,1,100.0,2.5,4.8,12.0,4.7,4.7,4.9,5.0,1,1,1,Kelley,100.0,0.0
420,https://www.rvezy.com/rv-rental/alberta_calgary_traveltrailer_traveltrailer_keystone_bullet-ultra-lite_6af7bc,Rent my 2016 Keystone Bullet - Ultra Lite from $155/night | RVezy,420.0,Calgary,AB,Travel Trailer,2016.0,Keystone,Bullet - Ultra Lite,29.0,629,1.0,4720.0,"2 5/16""",510.0,155.0,1.0,1,1,150.0,2.5,,,,,,,0,0,1,Josh,100.0,0.0
421,https://www.rvezy.com/rv-rental/alberta_calgary_motorhome_campervan_ford_transit-connect_01e38e,Rent my 2011 Ford Transit connect from $161/night | RVezy,421.0,Calgary,AB,,2011.0,Ford,Transit connect,14.0,314,,,,,161.0,500.0,0,1,40.0,2.5,,,5.0,5.0,5.0,5.0,0,0,0,HAO,100.0,1.0
422,https://www.rvezy.com/rv-rental/alberta_calgary_motorhome_truckcamper_ford_transit_507ab8,Rent my 2011 Ford Transit from $161/night | RVezy,421.0,Calgary,AB,,2011.0,Ford,Transit,14.0,414,,,,,161.0,500.0,0,1,50.0,2.5,5.0,5.0,5.0,5.0,5.0,5.0,0,0,0,HAO,100.0,1.0
423,https://www.rvezy.com/rv-rental/alberta_calgary_traveltrailer_fifthwheel_heartland_torque-ss_828079,Rent my 2013 Heartland Torque ss from $135/night | RVezy,423.0,Calgary,AB,Travel Trailer,2013.0,Heartland,Torque ss,39.0,839,3.0,12250.0,,,135.0,1.0,1,0,,,,,,,,,0,0,1,Ryker,100.0,1.0
425,https://www.rvezy.com/rv-rental/alberta_calgary_motorhome_classb_roadtrek_ss-ideal_092cca,Rent my 2010 Roadtrek SS Ideal from $196/night | RVezy,49.0,Calgary,AB,Class B,2010.0,Roadtrek,SS Ideal,19.0,219,1.0,,,,196.0,1.0,1,1,200.0,2.25,5.0,2.0,5.0,5.0,5.0,5.0,1,1,0,Chris,100.0,1.0
426,https://www.rvezy.com/rv-rental/alberta_calgary_traveltrailer_traveltrailer_jayco_jayflight-swift,The perfect FAMILY FRIENDLY trailer!! Double over double bunk beds! Becky's Jayco JayFlight Swift Travel Trailer,426.0,Calgary,AB,Travel Trailer,,,,26.0,826,,4352.0,"2 5/16""",500.0,,1.0,1,1,150.0,2.5,4.8,4.0,5.0,5.0,4.3,5.0,1,1,1,Becky,100.0,1.0
428,https://www.rvezy.com/rv-rental/alberta_calgary_traveltrailer_traveltrailer_jayco_whitehawk_fab542,"All you need to do is show up! FULLY STOCKED, FAMILY FRIENDLY like new 31’ with 2 slides Jayco WhiteHawk trailer!",426.0,Calgary,AB,Travel Trailer,,,,31.0,1031,2.0,7775.0,"2 5/16""",795.0,,1.0,1,1,250.0,2.5,,,,,,,1,1,1,Becky,100.0,1.0
429,https://www.rvezy.com/rv-rental/alberta_calgary_traveltrailer_traveltrailer_forest-river_wildwood-x-lite-bunk-house_fb6f47,Rent my 2016 Forest River Wildwood X Lite - Bunk House from $115/night | RVezy,20.0,Calgary,AB,Travel Trailer,2016.0,Forest,River Wildwood X Lite - Bunk House,21.0,621,,3300.0,"2 5/16""",403.0,115.0,1.0,1,0,,,,,,,,,0,0,1,Adam,100.0,1.0
430,https://www.rvezy.com/rv-rental/alberta_calgary_traveltrailer_traveltrailer_heartland_mallard-m26_b85c29,Rent my 2022 Heartland MALLARD M26 from $288/night | RVezy,430.0,Calgary,AB,Travel Trailer,2022.0,Heartland,MALLARD M26,32.0,732,1.0,6000.0,"2 5/16""",670.0,288.0,2.0,1,1,250.0,3.5,,,,,,,0,0,1,Dan,100.0,0.0
432,https://www.rvezy.com/rv-rental/alberta_calgary_traveltrailer_traveltrailer_jayco-_jay-swift-294bhs,Rent my 2013 Jayco Jay swift 294BHS from $115/night | RVezy,432.0,Calgary,AB,Travel Trailer,2013.0,Jayco,Jay swift 294BHS,30.0,830,,5800.0,"2""",690.0,115.0,1.0,1,1,150.0,3.5,5.0,31.0,5.0,5.0,5.0,5.0,0,0,1,Jocelyn,93.0,1.0
433,https://www.rvezy.com/rv-rental/alberta_calgary_traveltrailer_traveltrailer_dutchmen_kodiak-cub-175bh_8b55ef,Rent my 2021 Dutchmen Kodiak Cub 175BH from $154/night | RVezy,,Calgary,AB,Travel Trailer,2021.0,Dutchmen,Kodiak Cub 175BH,22.0,522,,3532.0,"2 5/16""",417.0,154.0,1.0,0,1,250.0,1.5,5.0,18.0,5.0,4.9,5.0,5.0,1,1,1,,,
435,https://www.rvezy.com/rv-rental/alberta_calgary_motorhome_campervan_other_express-explorer_e8f918,Rent my 2007 Chevrolet Express Explorer from $217/night | RVezy,260.0,Calgary,AB,,2007.0,Chevrolet,Express Explorer,18.0,218,,,,,217.0,1.0,0,1,100.0,3.5,,,,,,,0,0,0,Karolina,100.0,0.0
438,https://www.rvezy.com/rv-rental/alberta_edmonton_motorhome_classc_forest-river_2010-forest-river-sunseeker-,Rent my 2010 Forest River Sunseeker from $230/night | RVezy,438.0,Calgary,AB,Class C,2010.0,Forest,River Sunseeker,27.0,727,1.0,,,,230.0,500.0,0,1,100.0,2.5,4.7,29.0,4.6,4.6,4.7,4.7,1,1,0,Julia,100.0,0.0
441,https://www.rvezy.com/rv-rental/alberta_calgary_motorhome_campervan_ford_e350_5d3d2b,Rent my 2005 Ford E350 from $120/night | RVezy,261.0,Calgary,AB,,2005.0,Ford,E350,20.0,220,,,,,120.0,500.0,0,0,,,5.0,2.0,5.0,5.0,5.0,5.0,0,0,0,Mandy,93.0,0.0
444,https://www.rvezy.com/rv-rental/alberta_calgary_motorhome_classc_forest-river_forester-2551-dsle,Rent my 2020 Forest River forester 2551 dsle from $288/night | RVezy,444.0,Calgary,AB,Class C,2020.0,Forest,River forester 2551 dsle,29.0,629,2.0,,,,288.0,2.0,0,1,100.0,3.67,4.9,17.0,4.9,4.8,4.9,4.9,0,0,0,Cristian,100.0,1.0
447,https://www.rvezy.com/rv-rental/alberta_calgary_motorhome_classb_mercedes-sprinter_leisure-travel-feespirit-210,"Rent my 2005 Mercedes-Benz Leisure Travel, FeeSpirit 210 from $235/night | RVezy",447.0,Calgary,AB,Class B,,,,23.0,323,,,,,235.0,1.0,0,0,,,4.9,16.0,4.9,4.9,4.9,4.9,0,0,0,ROMAN,100.0,1.0
449,https://www.rvezy.com/rv-rental/alberta_calgary_motorhome_classc_mercedes-sprinter_winnebago-view,Rent my 2008 Mercedes-Benz Winnebago View from $282/night | RVezy,447.0,Calgary,AB,Class C,2008.0,Mercedes-Benz,Winnebago View,24.0,624,,,,,282.0,1.0,1,0,,,4.9,22.0,5.0,4.9,4.9,4.9,1,1,0,ROMAN,100.0,1.0
450,https://www.rvezy.com/rv-rental/alberta_calgary_motorhome_classc_jayco_melbourne_d6c09c,Rent my 2017 Jayco Melbourne from $328/night | RVezy,447.0,Calgary,AB,Class C,2017.0,Jayco,Melbourne,25.0,625,1.0,,,,328.0,1.0,0,0,,,,,,,,,0,0,0,ROMAN,100.0,1.0
451,https://www.rvezy.com/rv-rental/alberta_calgary_traveltrailer_traveltrailer_keystone_cougar_f50317,Rent my 2012 Keystone Cougar from $92/night | RVezy,451.0,Calgary,AB,Travel Trailer,2012.0,Keystone,Cougar,26.0,826,1.0,6500.0,"2 5/16""",1100.0,92.0,1.0,0,1,,,4.9,11.0,4.9,4.9,4.7,4.9,1,1,1,Johan,100.0,0.0
454,https://www.rvezy.com/rv-rental/alberta_calgary_traveltrailer_traveltrailer_forest-river_26-dbs,Rent my 2018 Forest River 26 DBS from $161/night | RVezy,454.0,Calgary,AB,Travel Trailer,2018.0,Forest,River 26 DBS,31.0,831,1.0,5530.0,"2 5/16""",555.0,161.0,1.0,1,0,,,5.0,24.0,5.0,4.9,5.0,5.0,1,1,0,Margoth,100.0,1.0
455,https://www.rvezy.com/rv-rental/alberta_calgary_motorhome_campervan_ford_transit-350_6d1874,Rent my 2019 Ford Transit - 350 from $269/night | RVezy,455.0,Calgary,AB,,2019.0,Ford,Transit - 350,22.0,222,,,,,269.0,1.0,0,0,,,4.9,8.0,4.9,4.8,4.9,5.0,0,1,0,Robert,100.0,1.0
456,https://www.rvezy.com/rv-rental/alberta_de-winton_traveltrailer_traveltrailer_evergreen_ever-lite,Rent my 2010 Evergreen Ever-lite from $150/night | RVezy,456.0,Calgary,AB,Travel Trailer,2010.0,Evergreen,Ever-lite,32.0,732,1.0,5200.0,"2""",500.0,150.0,1.0,1,1,250.0,2.5,4.9,32.0,4.9,4.8,4.8,4.9,1,1,0,Royce,93.0,1.0
457,https://www.rvezy.com/rv-rental/alberta_calgary_motorhome_classc_american-coach_2015,Rent my 2007 Winnebago Access from $275/night | RVezy,457.0,Calgary,AB,Class C,2007.0,Winnebago,Access,26.0,426,,,,,275.0,1.0,0,1,150.0,1.6,4.8,29.0,4.9,4.7,4.7,5.0,1,1,0,Raouf,100.0,1.0
458,https://www.rvezy.com/rv-rental/alberta_calgary_motorhome_classc_ford_e450_a01974,Rent my 2022 Forest River E450 from $316/night | RVezy,458.0,Calgary,AB,Class C,2022.0,Forest,River E450,28.0,628,1.0,,,,316.0,1.0,0,1,100.0,3.0,,,5.0,5.0,5.0,5.0,1,1,0,Dita,100.0,0.0
460,https://www.rvezy.com/rv-rental/alberta_calgary_traveltrailer_traveltrailer_forest-river_cherokee-wolf-den-16ev_76dd86,Rent my 2024 Forest River Cherokee Wolf Den 16EV from $132/night | RVezy,460.0,Calgary,AB,Travel Trailer,2024.0,Forest,River Cherokee Wolf Den 16EV,22.0,522,,2995.0,"2""",393.0,132.0,1.0,0,0,,,,,,,,,1,1,1,James,100.0,0.0
464,https://www.rvezy.com/rv-rental/alberta_calgary_motorhome_classc_fleetwood_tioga-montara_d4e65e,Fleet #C6 Explore Rocky Mountain National Parks in Comfort with the Tioga Montara RV,464.0,Calgary,AB,Class C,,,,24.0,624,,,,,,1.0,1,0,,,,,4.0,4.0,5.0,5.0,1,1,0,Stephen,100.0,1.0
465,https://www.rvezy.com/rv-rental/alberta_calgary_motorhome_classc_adventurer-manufacturing_m-240db_66f358,Fleet #C3 Experience Western Canada’s Beauty in this compact Class C Moho,464.0,Calgary,AB,Class C,,,,24.0,524,,,,,,1.0,1,0,,,4.8,14.0,4.9,4.7,4.7,5.0,1,1,0,Stephen,100.0,1.0
466,https://www.rvezy.com/rv-rental/alberta_calgary_traveltrailer_traveltrailer_jayco_174bh-baja_3e83ad,Rent my 2022 Jayco 174BH Baja from $100/night | RVezy,466.0,Calgary,AB,Travel Trailer,2022.0,Jayco,174BH Baja,17.0,517,,3165.0,"2""",265.0,100.0,1.0,1,0,,,5.0,22.0,4.9,5.0,5.0,5.0,1,1,0,Joshua,93.0,1.0
467,https://www.rvezy.com/rv-rental/alberta_calgary_traveltrailer_traveltrailer_jayco_jay-flight-184bs_dbf8eb,Fleet #T1 Jayflight lightweight Bunk Slide - Be the Rocky Mountains Explorers,464.0,Calgary,AB,Travel Trailer,,,,20.0,620,1.0,3460.0,"2 5/16""",395.0,,1.0,0,0,,,5.0,27.0,5.0,5.0,5.0,5.0,1,1,0,Stephen,100.0,1.0
470,https://www.rvezy.com/rv-rental/alberta_calgary_motorhome_classc_ford_majestic-_c81b6b,Rent my 2013 Ford Majestic from $218/night | RVezy,470.0,Calgary,AB,Class C,2013.0,Ford,Majestic,25.0,525,,,,,218.0,1.0,0,0,,,4.6,3.0,4.7,4.0,4.3,5.0,1,1,0,Jin,100.0,1.0
472,https://www.rvezy.com/rv-rental/alberta_calgary_traveltrailer_fifthwheel_jayco_eagle-ht-295bhok_e6a93c,Rent my 2018 Jayco EAGLE HT 29.5BHOK from $172/night | RVezy,472.0,Calgary,AB,Travel Trailer,,,,35.0,1035,2.0,9000.0,,,172.0,1.0,1,1,150.0,1.75,,,,,,,1,1,1,Roland,100.0,0.0
473,https://www.rvezy.com/rv-rental/alberta_calgary_motorhome_classc_winnebago_minnie-winnie_e330b8,Rent my 2021 Winnebago Minnie Winnie from $276/night | RVezy,473.0,Calgary,AB,Class C,2021.0,Winnebago,Minnie Winnie,24.0,424,,,,,276.0,1.0,0,0,,,,,,,,,1,1,0,Jaci,100.0,1.0
474,https://www.rvezy.com/rv-rental/alberta_calgary_traveltrailer_traveltrailer_coachmen_catalina-164-bhx_6fa1d2,Rent my 2024 Coachmen Catalina 164 BHX from $132/night | RVezy,,Calgary,AB,Travel Trailer,2024.0,Coachmen,Catalina 164 BHX,19.0,519,,4396.0,"2 5/16""",396.0,132.0,700.0,1,0,,,74.8,8.0,5.0,5.0,4.8,5.0,0,0,0,,,
475,https://www.rvezy.com/rv-rental/alberta_calgary_motorhome_classc_adventurer-manufacturing_24ds_e1d9c1,Rent my 2021 Adventurer Manufacturing 24DS from $180/night | RVezy,475.0,Calgary,AB,Class C,2021.0,Adventurer,Manufacturing 24DS,25.0,625,1.0,,,,180.0,1.0,1,1,30.0,1.25,,,5.0,5.0,5.0,5.0,0,0,0,Ric,93.0,0.0
477,https://www.rvezy.com/rv-rental/alberta_calgary_traveltrailer_traveltrailer_other_kz-sportsmen-classic-181bh_b8a3c3,Rent my 2018 Sportsmen Classic KZ Sportsmen Classic 181BH from $150/night | RVezy,477.0,Calgary,AB,Travel Trailer,2018.0,Sportsmen,Classic KZ Sportsmen Classic 181BH,18.0,618,1.0,2840.0,"2""",370.0,150.0,1.0,1,1,200.0,2.5,5.0,7.0,4.9,5.0,5.0,5.0,1,1,1,Deitra,100.0,1.0
478,https://www.rvezy.com/rv-rental/alberta_calgary_traveltrailer_traveltrailer_forest-river_wolf-pup-16bhs_a052b5,Rent my 2022 Forest River Wolf Pup 16BHS from $132/night | RVezy,478.0,Calgary,AB,Travel Trailer,2022.0,Forest,River Wolf Pup 16BHS,22.0,422,,3306.0,"2""",377.0,132.0,1.0,1,0,,,5.0,30.0,5.0,4.9,5.0,5.0,0,0,1,Krista,100.0,1.0
479,https://www.rvezy.com/rv-rental/alberta_calgary_motorhome_campervan_ford_transit-connect-xlt_3a49d8,Rent my 2015 Ford Transit connect XLT from $161/night | RVezy,479.0,Calgary,AB,,2015.0,Ford,Transit connect XLT,15.0,215,,,,,161.0,1.0,0,1,100.0,2.0,,,5.0,5.0,5.0,5.0,0,0,0,Robert,100.0,1.0
480,https://www.rvezy.com/rv-rental/alberta_calgary_motorhome_classc_winnebago_spirit,Rent my 2018 Winnebago Spirit from $276/night | RVezy,480.0,Calgary,AB,Class C,2018.0,Winnebago,Spirit,22.0,622,,,,,276.0,1.0,1,0,,,4.9,17.0,5.0,4.8,5.0,5.0,1,1,0,Rosanne,100.0,1.0
481,https://www.rvezy.com/rv-rental/alberta_calgary_motorhome_classc_majestic-leisure-craft_2004-,Rent my 2004 Majestic Leisure Craft 2004 from $199/night | RVezy,481.0,Calgary,AB,Class C,2004.0,Majestic,Leisure Craft 2004,28.0,828,,,,,199.0,500.0,0,1,1.0,2.5,4.5,57.0,4.5,4.5,4.4,4.5,0,0,0,mohamed,100.0,1.0
482,https://www.rvezy.com/rv-rental/alberta_calgary_traveltrailer_traveltrailer_rockwood-_ultra-lite-2905ws,Rent my 2017 Forest River Ultra Lite 2905WS from $144/night | RVezy,,Calgary,AB,Travel Trailer,2017.0,Forest,River Ultra Lite 2905WS,33.0,933,1.0,6900.0,"2 5/16""",815.0,144.0,1.0,1,1,250.0,2.5,5.0,12.0,5.0,5.0,5.0,5.0,1,1,1,,,
483,https://www.rvezy.com/rv-rental/alberta_calgary_traveltrailer_traveltrailer_forest-river_wolf-pup-limited-16bhs_e53813,Stampede Week Deal: Cozy RV with Free Delivery & Glamping Package! Limited availability for Stampede Week—book by July 1 for this exclusive deal!,483.0,Calgary,AB,Travel Trailer,,,,20.0,520,,3097.0,"2""",377.0,,1.0,0,1,150.0,2.0,5.0,2.0,5.0,5.0,5.0,5.0,0,0,1,Marten,100.0,0.0
484,https://www.rvezy.com/rv-rental/alberta_calgary_traveltrailer_traveltrailer_sunray_109_8ecbfd,Rent my 2025 Sunray 109 from $99/night | RVezy,209.0,Calgary,AB,Travel Trailer,2025.0,Sunray,109,12.0,212,,1350.0,"2""",160.0,99.0,1.0,1,0,,,5.0,2.0,5.0,5.0,5.0,5.0,0,0,1,Dave,100.0,0.0
485,https://www.rvezy.com/rv-rental/alberta_calgary_traveltrailer_tenttrailer_rockwood_freedom_258afa,Rent my 2020 Forest River Freedom from $86/night | RVezy,485.0,Calgary,AB,Travel Trailer,2020.0,Forest,River Freedom,20.0,820,,1896.0,"2""",255.0,86.0,1.0,0,0,,,4.8,35.0,4.8,4.7,4.8,4.9,1,1,0,Arnold,100.0,1.0
487,https://www.rvezy.com/rv-rental/alberta_calgary_traveltrailer_traveltrailer_other_springdale-2820bh_cabda8,Rent my 2018 Keystone Springdale 2820BH from $144/night | RVezy,487.0,Calgary,AB,Travel Trailer,2018.0,Keystone,Springdale 2820BH,32.0,732,1.0,6597.0,"2 5/16""",690.0,144.0,1.0,1,1,150.0,2.5,4.5,4.0,4.5,4.5,4.5,4.5,0,0,1,Brie,86.0,0.0
489,https://www.rvezy.com/rv-rental/alberta_calgary_motorhome_campervan_sprinter_mercedes-,Rent my 2018 Mercedes-Benz Mercedes from $345/night | RVezy,489.0,Calgary,AB,,2018.0,Mercedes-Benz,Mercedes,24.0,324,,,,,345.0,1.0,0,0,,,5.0,27.0,5.0,4.9,5.0,5.0,1,1,0,Vaden,93.0,0.0
490,https://www.rvezy.com/rv-rental/ontario_oakville_traveltrailer_traveltrailer_prime-time_avenger-lt,"Summer home on wheels! Compact and Cozy RV, perfect for your family.",490.0,Calgary,AB,Travel Trailer,,,,20.0,420,,3000.0,"2""",343.0,,1.0,1,1,100.0,2.0,4.8,11.0,4.9,4.5,4.9,4.9,0,0,1,Adriano,100.0,1.0
491,https://www.rvezy.com/rv-rental/alberta_calgary_traveltrailer_traveltrailer_coachmen_catalina-summit-7-184bhs_23e8bb,Rent my 2024 Coachmen Catalina Summit 7 184BHS from $138/night | RVezy,491.0,Calgary,AB,Travel Trailer,2024.0,Coachmen,Catalina Summit 7 184BHS,23.0,623,1.0,5500.0,"2""",492.0,138.0,1.0,1,1,30.0,1.75,5.0,2.0,5.0,5.0,5.0,5.0,0,0,0,Ricardo,100.0,1.0
492,https://www.rvezy.com/rv-rental/alberta_calgary_motorhome_campervan_ford_econoline-250-custom_d56d52,Rent my 2011 Ford Econoline 250 Custom from $190/night | RVezy,,Calgary,AB,,2011.0,Ford,Econoline 250 Custom,20.0,220,,,,,190.0,1.0,1,0,,,,,,,,,0,0,0,,,
493,https://www.rvezy.com/rv-rental/alberta_calgary_motorhome_classb_gmc_savana_7fb5b3,Rent my 2015 GMC Savana from $155/night | RVezy,,Calgary,AB,Class B,2015.0,GMC,Savana,18.0,218,,,,,155.0,1.0,0,0,,,5.0,5.0,5.0,5.0,5.0,5.0,0,0,0,,,
494,https://www.rvezy.com/rv-rental/alberta_calgary_motorhome_campervan_other_e-250-custom_18e491,Rent my 2016 GMC Savana 2500 Custom from $155/night | RVezy,,Calgary,AB,,2016.0,GMC,Savana 2500 Custom,20.0,220,,,,,155.0,1.0,0,0,,,4.9,13.0,4.9,4.8,4.9,5.0,0,0,0,,,
495,https://www.rvezy.com/rv-rental/alberta_calgary_motorhome_campervan_ford_e-250_e77cc3,Rent my 2011 Ford e-350 from $155/night | RVezy,,Calgary,AB,,2011.0,Ford,e-350,20.0,220,,,,,155.0,1.0,0,0,,,4.9,31.0,4.9,4.9,4.9,5.0,0,0,0,,,
496,https://www.rvezy.com/rv-rental/alberta_calgary_motorhome_campervan_ford_e350_3ccec2,Rent my 2017 GMC Savana from $155/night | RVezy,,Calgary,AB,,2017.0,GMC,Savana,18.0,218,,,,,155.0,1.0,0,0,,,4.9,7.0,4.9,4.7,5.0,5.0,0,0,0,,,
497,https://www.rvezy.com/rv-rental/alberta_calgary_traveltrailer_hybrid_forest-river_rockwood-roo183,Rent my 2018 Forest River Rockwood Roo183 from $129/night | RVezy,497.0,Calgary,AB,Travel Trailer,2018.0,Forest,River Rockwood Roo183,21.0,821,3.0,4259.0,"2""",450.0,129.0,600.0,0,1,150.0,3.99,4.6,11.0,4.5,4.5,4.7,4.5,0,0,1,Walid,86.0,0.0
498,https://www.rvezy.com/rv-rental/alberta_calgary_traveltrailer_traveltrailer_other_custom-_3c070c,Rent my 2020 Homemade Custom from $104/night | RVezy,498.0,Calgary,AB,Travel Trailer,2020.0,Homemade,Custom,12.0,312,,1200.0,"2""",1200.0,104.0,1.0,0,0,,,4.9,6.0,5.0,4.7,5.0,5.0,1,1,0,Patrick,100.0,0.0
499,https://www.rvezy.com/rv-rental/alberta_calgary_motorhome_classc_ford_e350_1,Rent my 2011 Ford E350 from $253/night | RVezy,,Calgary,AB,Class C,2011.0,Ford,E350,19.0,419,,,,,253.0,1.0,0,1,,,4.7,15.0,4.7,4.7,4.7,4.7,1,1,0,,,
500,https://www.rvezy.com/rv-rental/alberta_calgary_rvcottage_ford-e-450_sunseeker,Rent my 2011 Forest River Sunseeker from $276/night | RVezy,,Calgary,AB,Class C,2011.0,Forest,River Sunseeker,23.0,523,,,,,276.0,1.0,0,1,,,4.8,51.0,4.8,4.8,4.7,4.8,1,1,0,,,
501,https://www.rvezy.com/rv-rental/alberta_calgary_traveltrailer_traveltrailer_keystone_springdale_0a6285,Rent my 2018 Keystone Springdale from $109/night | RVezy,501.0,Calgary,AB,Travel Trailer,2018.0,Keystone,Springdale,20.0,520,,3200.0,"2 5/16""",485.0,109.0,1.0,1,1,60.0,2.5,,,,,,,1,1,0,Zachariah,100.0,1.0
503,https://www.rvezy.com/rv-rental/alberta_calgary_traveltrailer_hybrid_r-vision-flier_f-18-bantam,Rent my 2004 R-Vision F-18 bantam from $114/night | RVezy,503.0,Calgary,AB,Travel Trailer,2004.0,R-Vision,F-18 bantam,18.0,618,2.0,3754.0,"2 5/16""",254.0,114.0,1.0,1,1,100.0,5.9,4.9,33.0,4.9,4.9,4.8,5.0,1,1,1,Francine,93.0,1.0
504,https://www.rvezy.com/rv-rental/alberta_calgary_traveltrailer_traveltrailer_coachmen_2020_d3aeef,Rent my 2020 Coachmen 2020 from $167/night | RVezy,504.0,Calgary,AB,Travel Trailer,2020.0,Coachmen,2020,26.0,526,1.0,4500.0,"2""",700.0,167.0,1.0,1,1,150.0,2.5,,,,,,,1,1,1,Hayley,100.0,0.0
506,https://www.rvezy.com/rv-rental/alberta_calgary_traveltrailer_traveltrailer_gulf-stream_2021-northern-express-18-rbd,Rent my 2021 Gulf Stream 2021 Northern Express 18 RBD from $167/night | RVezy,506.0,Calgary,AB,Travel Trailer,2021.0,Gulf,Stream 2021 Northern Express 18 RBD,18.0,518,,3288.0,"2 5/16""",370.0,167.0,750.0,1,0,,,4.9,20.0,4.9,4.9,4.9,4.9,1,1,1,Anjelica,100.0,0.0
508,https://www.rvezy.com/rv-rental/alberta_calgary_motorhome_campervan_2017-ford-transit-high-top-converted-camper-van_ford-transit,Rent my 2017 Ford Ford Transit from $235/night | RVezy,,Calgary,AB,,2017.0,Ford,Ford Transit,22.0,222,,,,,235.0,1.0,0,0,,,5.0,39.0,5.0,5.0,5.0,5.0,1,1,0,,,
512,https://www.rvezy.com/rv-rental/alberta_airdrie_traveltrailer_traveltrailer_crossroads_sunset-trail,Rent my 2021 Crossroads Sunset Trail from $115/night | RVezy,512.0,Calgary,AB,Travel Trailer,2021.0,Crossroads,Sunset Trail,21.0,721,,3750.0,"2 5/16""",380.0,115.0,700.0,1,1,,,5.0,54.0,5.0,5.0,5.0,5.0,1,1,0,Yianni,100.0,1.0
513,https://www.rvezy.com/rv-rental/alberta_calgary_motorhome_classc_adventurer-manufacturing_2020_59e64f,Rent my 2020 Adventurer Manufacturing 2020 from $310/night | RVezy,513.0,Calgary,AB,Class C,2020.0,Adventurer,Manufacturing 2020,25.0,625,1.0,,,,310.0,1.0,0,0,,,4.6,21.0,4.6,4.7,4.8,4.3,0,0,0,Shaki,100.0,0.0
516,https://www.rvezy.com/rv-rental/alberta_calgary_traveltrailer_traveltrailer_keystone_hideout_960d33,Rent my 2021 Keystone Hideout from $242/night | RVezy,516.0,Calgary,AB,Travel Trailer,2021.0,Keystone,Hideout,29.0,1029,1.0,6700.0,"2 5/16""",1000.0,242.0,1.0,0,1,200.0,2.5,4.8,7.0,4.7,4.6,4.9,4.9,1,1,1,Jazmine,93.0,1.0
520,https://www.rvezy.com/rv-rental/alberta_calgary_traveltrailer_traveltrailer_coachmen_catalina-summit-184bhs_3d8b44,Rent my 2021 Coachmen Catalina Summit 184BHS from $138/night | RVezy,520.0,Calgary,AB,Travel Trailer,2021.0,Coachmen,Catalina Summit 184BHS,23.0,823,1.0,5500.0,"2 5/16""",492.0,138.0,1.0,0,0,,,4.9,7.0,4.9,4.9,5.0,4.7,1,1,1,Tania,100.0,1.0
528,https://www.rvezy.com/rv-rental/alberta_calgary_traveltrailer_traveltrailer_forest-river_wolfpup-17jg-black-edition_87a950,Rent my 2020 Forest River Wolfpup 17JG Black Edition from $132/night | RVezy,528.0,Calgary,AB,Travel Trailer,2020.0,Forest,River Wolfpup 17JG Black Edition,17.0,617,1.0,3879.0,"2""",430.0,132.0,1.0,1,1,200.0,2.5,5.0,2.0,5.0,5.0,5.0,5.0,1,1,0,Heather,100.0,1.0
531,https://www.rvezy.com/rv-rental/alberta_calgary_traveltrailer_traveltrailer_keystone_springdale-1400re_b5f34d,Rent my 2025 Keystone Springdale 1400RE from $184/night | RVezy,531.0,Calgary,AB,Travel Trailer,2025.0,Keystone,Springdale 1400RE,16.0,316,,3800.0,"2 5/16""",330.0,184.0,1.0,1,1,50.0,2.0,,,,,,,0,0,1,Aaron,100.0,0.0
532,https://www.rvezy.com/rv-rental/alberta_calgary_traveltrailer_traveltrailer_other_ultralite_a7ca77,Rent my 2016 MPG Ultralite from $150/night | RVezy,,Calgary,AB,Travel Trailer,2016.0,MPG,Ultralite,26.0,526,1.0,6500.0,"2 5/16""",700.0,150.0,1.0,1,1,250.0,2.4,,,,,,,1,1,1,,,
533,https://www.rvezy.com/rv-rental/alberta_calgary_traveltrailer_traveltrailer_skyline_weekender,Rent my 2013 Skyline Weekender from $115/night | RVezy,,Calgary,AB,Travel Trailer,2013.0,Skyline,Weekender,18.0,518,,2650.0,"2 5/16""",325.0,115.0,1.0,0,1,,,5.0,38.0,5.0,5.0,5.0,5.0,1,1,0,,,
534,https://www.rvezy.com/rv-rental/alberta_calgary_motorhome_campervan_other_ford-e-250-van_615851,Rent my 2010 2010 Ford E250 Van Ford E 250 Van from $207/night | RVezy,534.0,Calgary,AB,,,,,17.0,217,,,,,207.0,800.0,1,0,,,,,,,,,0,0,0,Carol,100.0,0.0
535,https://www.rvezy.com/rv-rental/alberta_calgary_motorhome_classc_other_c-class_3cf08f,Rent my 2014 Ford Majestic from $288/night | RVezy,535.0,Calgary,AB,Class C,2014.0,Ford,Majestic,24.0,624,,,,,288.0,1.0,1,1,400.0,2.5,,,,,,,0,0,0,Tara,100.0,0.0
538,https://www.rvezy.com/rv-rental/alberta_calgary_traveltrailer_traveltrailer_jayco_jaylight-slx-174bh-baja_7d1b44,Rent my 2023 Jayco Jaylight slx 174bh baja from $150/night | RVezy,538.0,Calgary,AB,Travel Trailer,2023.0,Jayco,Jaylight slx 174bh baja,21.0,521,,3140.0,"2 5/16""",310.0,150.0,1.0,0,0,,,5.0,2.0,5.0,5.0,5.0,5.0,1,1,1,Regienald,100.0,0.0
539,https://www.rvezy.com/rv-rental/alberta_calgary_traveltrailer_traveltrailer_keystone_hideout_e4677a,Rent my 2024 Keystone Hideout from $138/night | RVezy,539.0,Calgary,AB,Travel Trailer,2024.0,Keystone,Hideout,30.0,830,1.0,6171.0,"2""",810.0,138.0,1.0,1,0,,,,,5.0,5.0,5.0,5.0,0,0,1,Tammy,100.0,0.0
540,https://www.rvezy.com/rv-rental/alberta_calgary_motorhome_classc_jayco_greyhawk-27u_c441ad,Travel in Comfort & Style: Carol’s Upscale Motor Home Awaits You!,540.0,Calgary,AB,Class C,,,,30.0,630,2.0,,,,,1.0,1,1,250.0,2.5,,,5.0,5.0,5.0,5.0,0,0,0,CAROL,100.0,1.0
541,https://www.rvezy.com/rv-rental/alberta_calgary_motorhome_classb_adventurer-manufacturing_okanagan-tribute_fb8bbe,Rent my 2019 Adventurer Manufacturing Okanagan Tribute from $328/night | RVezy,,Calgary,AB,Class B,2019.0,Adventurer,Manufacturing Okanagan Tribute,22.0,222,,,,,328.0,2.0,1,1,50.0,2.5,24.9,17.0,4.9,4.7,4.8,5.0,0,0,0,,,
543,https://www.rvezy.com/rv-rental/alberta_calgary_traveltrailer_tenttrailer_fleetwood_americana_986ed8,Rent my 2007 Fleetwood Americana from $80/night | RVezy,543.0,Calgary,AB,Travel Trailer,2007.0,Fleetwood,Americana,25.0,625,1.0,2500.0,"2""",165.0,80.0,750.0,1,1,100.0,2.5,,,,,,,1,1,1,Kasey,100.0,0.0
546,https://www.rvezy.com/rv-rental/alberta_calgary_motorhome_classc_thor-motor-coach_28a_db9bb5,Rent my 2018 Thor Motor Coach 28A from $230/night | RVezy,546.0,Calgary,AB,Class C,2018.0,Thor,Motor Coach 28A,30.0,830,,,,,230.0,2.0,1,0,,,5.0,2.0,5.0,5.0,5.0,5.0,1,1,0,Jollan,100.0,0.0
548,https://www.rvezy.com/rv-rental/alberta_calgary_motorhome_classc_jayco_melbourne_10e293,Rent my 2022 Jayco Melbourne from $331/night | RVezy,397.0,Calgary,AB,Class C,2022.0,Jayco,Melbourne,25.0,525,1.0,,,,331.0,2.0,1,0,,,4.9,4.0,5.0,5.0,5.0,4.5,0,0,0,Yang,100.0,1.0
549,https://www.rvezy.com/rv-rental/alberta_calgary_motorhome_classc_jayco_melbourne,Rent my 2022 Jayco Melbourne from $331/night | RVezy,397.0,Calgary,AB,Class C,2022.0,Jayco,Melbourne,25.0,525,1.0,,,,331.0,2.0,1,0,,,4.8,17.0,4.9,4.8,4.8,4.9,0,0,0,Yang,100.0,1.0
550,https://www.rvezy.com/rv-rental/alberta_calgary_motorhome_classc_traveling-companion-on-wheels-_magical-majestic-fun-times,Rent my 2012 TRAVELING COMPANION ON WHEELS – MAGICAL MAJESTIC FUN TIMES… from $228/night | RVezy,400.0,Calgary,AB,Class C,,,,25.0,525,,,,,228.0,3.0,0,0,,,5.0,32.0,5.0,4.9,5.0,5.0,0,0,0,Torrine,100.0,1.0
551,https://www.rvezy.com/rv-rental/alberta_calgary_traveltrailer_traveltrailer_jayco_white-hawk-ultra-lite_005985,Rent my 2015 Jayco white hawk ultra lite from $161/night | RVezy,551.0,Calgary,AB,Travel Trailer,2015.0,Jayco,white hawk ultra lite,23.0,623,1.0,4710.0,"2""",505.0,161.0,1.0,1,1,,,5.0,2.0,5.0,5.0,5.0,5.0,1,1,1,mark,100.0,1.0
552,https://www.rvezy.com/rv-rental/alberta_calgary_traveltrailer_traveltrailer_coachmen_apex-nano-185bh_027cfb,Rent my 2015 Coachmen Apex Nano 185BH from $100/night | RVezy,552.0,Calgary,AB,Travel Trailer,2015.0,Coachmen,Apex Nano 185BH,20.0,620,,3000.0,"2 5/16""",400.0,100.0,1.0,0,0,,,4.9,29.0,4.9,5.0,4.9,5.0,1,0,0,Christine,100.0,0.0
553,https://www.rvezy.com/rv-rental/alberta_calgary_traveltrailer_traveltrailer_flagstaff_e-pro-15tb,Rent my 2022 Flagstaff E-PRO 15TB from $125/night | RVezy,553.0,Calgary,AB,Travel Trailer,2022.0,Flagstaff,E-PRO 15TB,15.0,315,,2667.0,"2 5/16""",357.0,125.0,1.0,1,1,200.0,2.5,5.0,20.0,5.0,5.0,5.0,5.0,0,0,0,Tiago,93.0,1.0
557,https://www.rvezy.com/rv-rental/alberta_calgary_motorhome_campervan_mercedes-benz_sprinter_dd4baf,Rent my 2008 Mercedes-Benz Sprinter from $275/night | RVezy,557.0,Calgary,AB,,2008.0,Mercedes-Benz,Sprinter,23.0,223,,,,,275.0,1.0,1,1,200.0,1.0,4.9,13.0,4.8,4.8,4.9,4.9,1,1,0,Ben,100.0,1.0
558,https://www.rvezy.com/rv-rental/alberta_calgary_traveltrailer_traveltrailer_other_181bh_96f9b9,Rent my 2018 Kz sportsmen 181bh from $132/night | RVezy,558.0,Calgary,AB,Travel Trailer,2018.0,Kz,sportsmen 181bh,21.0,621,1.0,2880.0,"2""",340.0,132.0,1.0,1,1,100.0,2.0,4.9,3.0,5.0,5.0,4.7,5.0,0,0,1,Jing,100.0,1.0
560,https://www.rvezy.com/rv-rental/alberta_calgary_traveltrailer_traveltrailer_winnebago_micro-minnie,Rent my 2017 Winnebago Micro Minnie from $132/night | RVezy,,Calgary,AB,Travel Trailer,2017.0,Winnebago,Micro Minnie,17.0,417,,4000.0,"2""",400.0,132.0,1.0,0,1,,,5.0,24.0,5.0,5.0,5.0,5.0,1,1,0,,,
561,https://www.rvezy.com/rv-rental/alberta_calgary_traveltrailer_traveltrailer_keystone_outback_66af42,Rent my 2022 Keystone Outback from $161/night | RVezy,423.0,Calgary,AB,Travel Trailer,2022.0,Keystone,Outback,23.0,723,1.0,4950.0,"2 5/16""",450.0,161.0,1.0,1,0,,,4.9,2.0,5.0,5.0,4.5,5.0,1,1,1,Ryker,100.0,1.0
562,https://www.rvezy.com/rv-rental/alberta_calgary_traveltrailer_traveltrailer_keystone_outback_388518,Rent my 2025 Gulf Stream Kingsport 192DS from $155/night | RVezy,562.0,Calgary,AB,Travel Trailer,2025.0,Gulf,Stream Kingsport 192DS,22.0,622,1.0,3705.0,"2 5/16""",390.0,155.0,1.0,0,1,100.0,2.5,,,5.0,5.0,5.0,5.0,1,1,1,Rozil,100.0,0.0
564,https://www.rvezy.com/rv-rental/alberta_calgary_motorhome_campervan_ford_transit_1,Rent my 2017 Ford Transit from $224/night | RVezy,564.0,Calgary,AB,,2017.0,Ford,Transit,22.0,222,,,,,224.0,1.0,1,0,,,4.9,33.0,4.9,4.9,4.9,4.9,0,0,0,Erin,100.0,1.0
565,https://www.rvezy.com/rv-rental/alberta_aldersyde_traveltrailer_traveltrailer_grand-design_imagine-23bhe_48a8d6,Rent my 2023 Grand Design Imagine XLS 23BHE from $207/night | RVezy,565.0,Calgary,AB,Travel Trailer,2023.0,Grand,Design Imagine XLS 23BHE,27.0,827,1.0,5325.0,"2 5/16""",504.0,207.0,800.0,0,1,400.0,2.5,,,5.0,5.0,5.0,5.0,0,0,0,Artem,100.0,0.0
567,https://www.rvezy.com/rv-rental/alberta_calgary_traveltrailer_traveltrailer_jayco_2018_3c1743,Sleeps 10 | 55” Theater Projector | SUV Towable Jayco X23F Hybrid Trailer | Starlink WiFi Available | Kids and Pets Friendly,567.0,Calgary,AB,Travel Trailer,,,,24.0,10,4.0,4610.0,"2 5/16""",553.0,,800.0,1,1,200.0,3.2,4.9,2.0,5.0,4.5,5.0,5.0,1,1,1,Ally,93.0,1.0
568,https://www.rvezy.com/rv-rental/alberta_calgary_traveltrailer_traveltrailer_jayco_x17z_0133df,Kids and Pets Friendly SUV towable Jayco X17Z with Theater projector 📽️ Solar Powered Off Grid Ready,567.0,Calgary,AB,Travel Trailer,,,,19.0,619,2.0,3021.0,"2""",375.0,,800.0,1,1,120.0,3.2,,,4.0,5.0,5.0,4.0,1,1,1,Ally,93.0,1.0
569,https://www.rvezy.com/rv-rental/alberta_de-winton_traveltrailer_traveltrailer_jayco_2018_2ed1cb,Family and Kids Friendly SUV towable Jayco 16XRB Travel Trailer: With Theater Projector and Games,567.0,Calgary,AB,Travel Trailer,,,,19.0,619,2.0,2832.0,"2""",350.0,,750.0,1,1,160.0,3.2,5.0,8.0,5.0,4.9,5.0,5.0,1,0,1,Ally,93.0,1.0
570,https://www.rvezy.com/rv-rental/alberta_calgary_traveltrailer_traveltrailer_forest-river_cherokee-grey-wolf-black-label_2788e9,Rent my 2022 Forest River Cherokee Grey Wolf Black Label from $150/night | RVezy,570.0,Calgary,AB,Travel Trailer,2022.0,Forest,River Cherokee Grey Wolf Black Label,29.0,529,1.0,5431.0,"2""",608.0,150.0,1.0,1,1,250.0,2.5,5.0,16.0,4.9,5.0,5.0,5.0,1,1,1,MARVEL,100.0,1.0
571,https://www.rvezy.com/rv-rental/alberta_calgary_traveltrailer_tenttrailer_starcraft_comet_1,Rent my 2015 Starcraft Comet from $102/night | RVezy,571.0,Calgary,AB,Travel Trailer,2015.0,Starcraft,Comet,18.0,418,,3250.0,"2""",235.0,102.0,1.0,1,1,300.0,3.5,5.0,76.0,5.0,5.0,5.0,5.0,1,1,0,HIAT,93.0,1.0
572,https://www.rvezy.com/rv-rental/alberta_edmonton_motorhome_classc_forest-river_sunseeker-_be08b7,Rent my 2011 Forest River Sunseeker from $230/night | RVezy,438.0,Calgary,AB,Class C,2011.0,Forest,River Sunseeker,28.0,728,1.0,,,,230.0,500.0,0,1,,,4.5,18.0,4.7,4.3,4.7,4.2,1,1,0,Julia,100.0,0.0
573,https://www.rvezy.com/rv-rental/alberta_edmonton_motorhome_classc_forest-river_sunseeker-_af7206,Rent my 2019 Forest River Sunseeker from $230/night | RVezy,438.0,Calgary,AB,Class C,2019.0,Forest,River Sunseeker,24.0,624,1.0,,,,230.0,500.0,0,1,100.0,2.5,4.7,15.0,4.7,4.7,4.8,4.8,1,1,0,Julia,100.0,0.0
574,https://www.rvezy.com/rv-rental/alberta_edmonton_motorhome_classc_forest-river_sunseeker-,Rent my 2020 Forest River Sunseeker from $230/night | RVezy,438.0,Calgary,AB,Class C,2020.0,Forest,River Sunseeker,24.0,624,1.0,,,,230.0,500.0,0,1,100.0,2.5,4.8,18.0,4.8,4.6,4.8,4.8,1,1,0,Julia,100.0,0.0
575,https://www.rvezy.com/rv-rental/alberta_edmonton_motorhome_classc_winnebago_winnebago-access-,Rent my 2007 Winnebago Winnebago access from $230/night | RVezy,438.0,Calgary,AB,Class C,2007.0,Winnebago,Winnebago access,29.0,829,1.0,,,,230.0,500.0,0,1,100.0,2.5,4.7,17.0,4.7,4.7,4.8,4.5,1,1,0,Julia,100.0,0.0
576,https://www.rvezy.com/rv-rental/alberta_edmonton_motorhome_classc_majestic-leisure-craft_cutaway_80549a,Rent my 2012 Majestic Leisure Craft Cutaway from $230/night | RVezy,438.0,Calgary,AB,Class C,2012.0,Majestic,Leisure Craft Cutaway,24.0,624,,,,,230.0,500.0,0,1,100.0,2.5,4.8,11.0,4.9,4.6,5.0,4.7,1,1,0,Julia,100.0,0.0
577,https://www.rvezy.com/rv-rental/alberta_calgary_motorhome_classc_mercedes-_sprinter,Rent my 2008 Mercedes-Benz Sprinter from $245/night | RVezy,447.0,Calgary,AB,Class C,2008.0,Mercedes-Benz,Sprinter,24.0,424,1.0,,,,245.0,1.0,0,0,,,4.9,29.0,4.9,4.9,4.9,4.9,1,1,0,ROMAN,100.0,1.0
578,https://www.rvezy.com/rv-rental/alberta_calgary_traveltrailer_traveltrailer_winnebago_hike_64dbd5,Rent my 2022 Winnebago Hike from $130/night | RVezy,578.0,Calgary,AB,Travel Trailer,2022.0,Winnebago,Hike,20.0,420,1.0,4200.0,"2 5/16""",640.0,130.0,1.0,1,1,100.0,2.5,4.9,4.0,5.0,4.8,5.0,4.8,0,0,1,Krista,100.0,1.0
585,https://www.rvezy.com/rv-rental/alberta_calgary_motorhome_classc_adventurer-manufacturing_adventurer-m-23rb_be37e2,Rent my 2018 Adventurer Manufacturing Adventurer M-23RB from $229/night | RVezy,464.0,Calgary,AB,Class C,2018.0,Adventurer,Manufacturing Adventurer M-23RB,23.0,623,,,,,229.0,1.0,1,0,,,,,,,,,1,1,0,Stephen,100.0,1.0
586,https://www.rvezy.com/rv-rental/alberta_calgary_motorhome_classc_adventurer-manufacturing_ford-alp-adventurer-23rb_13e11e,Rent my 2017 Adventurer Manufacturing Ford ALP ADVENTURER 23RB from $171/night | RVezy,464.0,Calgary,AB,Class C,2017.0,Adventurer,Manufacturing Ford ALP ADVENTURER 23RB,23.0,623,,,,,171.0,1.0,1,0,,,5.0,2.0,5.0,5.0,5.0,5.0,1,1,0,Stephen,100.0,1.0
587,https://www.rvezy.com/rv-rental/alberta_calgary_traveltrailer_traveltrailer_other_ge821-kpf_7da014,2020 Yetti Grand Escape: Experience the Great Outdoors with Starlink,587.0,Calgary,AB,Travel Trailer,,,,21.0,821,,5875.0,"2""",800.0,,500.0,1,1,400.0,3.0,4.7,4.0,5.0,4.3,4.5,5.0,0,0,1,YING,100.0,1.0
588,https://www.rvezy.com/rv-rental/alberta_calgary_motorhome_classc_forest-river_sunseeker-2300cd_b45ded,Fleet #C4 The most Zippy Class C for happy campers travelling in Canada!,464.0,Calgary,AB,Class C,,,,24.0,624,,,,,,1.0,1,0,,,,,5.0,5.0,5.0,5.0,1,1,0,Stephen,100.0,1.0
590,https://www.rvezy.com/rv-rental/alberta_calgary_traveltrailer_traveltrailer_other_332bhk_a75abe,Wonderful KZ Connect C332BHK Travel Trailer with Starlink,587.0,Calgary,AB,Travel Trailer,,,,38.0,1038,2.0,8800.0,"2 5/16""",995.0,,500.0,1,1,400.0,3.5,4.6,13.0,4.5,4.6,4.5,4.7,0,0,1,YING,100.0,1.0
592,https://www.rvezy.com/rv-rental/alberta_calgary_motorhome_classb_pleasure-way_tofino_1751a0,Ram Promaster - Pleasureway Tofino Pop Top Full Camper- Sleeps 4!,112.0,Calgary,AB,Class B,,,,18.0,4,,,,,,1.0,1,1,150.0,2.0,5.0,3.0,5.0,5.0,5.0,5.0,1,1,0,Mark,100.0,0.0
595,https://www.rvezy.com/rv-rental/alberta_calgary_traveltrailer_traveltrailer_fleetwood_wilderness_d09f6c,Rent my 1997 Fleetwood wilderness from $75/night | RVezy,374.0,Calgary,AB,Travel Trailer,1997.0,Fleetwood,wilderness,19.0,419,,4000.0,"2 5/16""",750.0,75.0,1.0,1,1,550.0,2.5,,,,,,,1,1,0,Yasir,100.0,0.0
596,https://www.rvezy.com/rv-rental/alberta_calgary_motorhome_classc_2016-ford-transit-t-350-hd_2016-ford-transit-t-350-hd_0e922b,Krish's 2016 FORD TRANSIT T-350 HD 2016 FORD TRANSIT T-350 HD Class C,596.0,Calgary,AB,Class C,,,,23.0,523,,,,,,10.0,0,1,50.0,2.0,4.9,2.0,5.0,5.0,4.5,5.0,0,0,0,Sumeet,100.0,1.0
597,https://www.rvezy.com/rv-rental/alberta_calgary_traveltrailer_microtrailer_riverside-rv_retro_9f9361,Rent my 2021 Riverside RV Retro from $86/night | RVezy,597.0,Calgary,AB,Travel Trailer,2021.0,Riverside,RV Retro,16.0,216,,2530.0,"2""",210.0,86.0,1.0,1,1,150.0,2.0,5.0,3.0,5.0,5.0,5.0,5.0,0,0,0,Holly,100.0,1.0
599,https://www.rvezy.com/rv-rental/alberta_calgary_motorhome_classc_forest-river_sunseeker-_d82779,Rent my 2011 Forest River Sunseeker from $228/night | RVezy,438.0,Calgary,AB,Class C,2011.0,Forest,River Sunseeker,27.0,727,1.0,,,,228.0,500.0,0,1,,,,,,,,,1,1,0,Julia,100.0,0.0
600,https://www.rvezy.com/rv-rental/alberta_calgary_motorhome_classc_thor-motor-coach_adventurer_89f497,Rent my 2018 Thor Motor Coach Adventurer from $180/night | RVezy,600.0,Calgary,AB,Class C,2018.0,Thor,Motor Coach Adventurer,23.0,623,,,,,180.0,1.0,1,0,,,,,,,,,1,1,0,Dennis,100.0,0.0
601,https://www.rvezy.com/rv-rental/alberta_calgary_traveltrailer_traveltrailer_evergreen_igo-pro-291bbs_e2cedf,Rent my 2016 Evergreen IGO Pro 291BBS from $150/night | RVezy,,Calgary,AB,Travel Trailer,2016.0,Evergreen,IGO Pro 291BBS,32.0,632,1.0,5450.0,"2""",656.0,150.0,1.0,1,1,100.0,2.5,,,,,,,1,0,1,,,
