host_id,name,joined_year,response_rate,is_superhost,listing_id,url,title,host_id,location_city,location_province,rv_type,rv_year,rv_make,rv_model,length_ft,sleeps,num_slide_outs,weight_lbs,hitch_size,hitch_weight_lbs,base_price,security_deposit,pet_friendly,delivery_available,delivery_max_km,delivery_price_per_km,overall_rating,num_reviews,accuracy_rating,value_rating,cleanliness_rating,communication_rating,flexible_pickup,flexible_dropoff,towing_experience_required,host_total_listings
1,Lisa,2021,93,0,148,https://www.rvezy.com/rv-rental/alberta_sundre_traveltrailer_traveltrailer_dutchmen_kodiak-club_48cc22,Rent my 2021 Dutchmen Kodiak Club from $150/night | RVezy,1,Sundre,AB,Travel Trailer,2021.0,Dutchmen,Kodiak Club,18.0,218,,3500.0,"2""",450.0,150.0,1.0,1,1,100.0,2.5,,,,,,,0,0,1,2
1,Lisa,2021,93,0,1,https://www.rvezy.com/rv-rental/alberta_taber_traveltrailer_traveltrailer_dutchmen_28h-ssl,Rent my 2007 Dutchmen 28H SSL from $126/night | RVezy,1,Taber,AB,Travel Trailer,2007.0,Dutchmen,28H SSL,28.0,928,1.0,5312.0,"2 5/16""",618.0,126.0,500.0,0,0,,,4.8,24.0,4.8,4.8,4.8,4.9,1,1,0,2
2,Ryan,2025,75,0,2,https://www.rvezy.com/rv-rental/alberta_clive_traveltrailer_toyhauler_keystone_carbon-297_f76b88,Rent my 2016 Keystone Carbon 297 from $230/night | RVezy,2,Clive,AB,Travel Trailer,2016.0,Keystone,Carbon 297,36.0,636,2.0,11152.0,"2 5/16""",2600.0,230.0,1.0,1,0,,,,,,,,,1,1,1,4
2,Ryan,2025,75,0,247,https://www.rvezy.com/rv-rental/alberta_airdrie_traveltrailer_traveltrailer_palomino_puma_2577ca,Rent my 2024 Palomino Puma from $184/night | RVezy,2,Airdrie,AB,Travel Trailer,2024.0,Palomino,Puma,25.0,625,1.0,6028.0,"2 5/16""",650.0,184.0,1.0,1,1,200.0,2.0,,,,,,,1,1,1,4
2,Ryan,2025,75,0,347,https://www.rvezy.com/rv-rental/alberta_calgary_traveltrailer_traveltrailer_highland-ridge-rv_range-lite-241bh_3ca9a9,Rent my 2022 Highland Ridge RV Range lite 241BH from $155/night | RVezy,2,Calgary,AB,Travel Trailer,2022.0,Highland,Ridge RV Range lite 241BH,24.0,824,1.0,5800.0,"2 5/16""",585.0,155.0,1.0,1,1,,,,,,,,,1,1,1,4
2,Ryan,2025,75,0,24,https://www.rvezy.com/rv-rental/alberta_lethbridge_traveltrailer_traveltrailer_komfort_21-t_72d5cc,Rent my 2001 Komfort 21-T from $114/night | RVezy,2,Lethbridge,AB,Travel Trailer,2001.0,Komfort,21-T,21.0,321,,4500.0,"2 5/16""",480.0,114.0,700.0,0,1,250.0,2.0,,,,,,,0,0,0,4
6,Brad,2020,80,0,22,https://www.rvezy.com/rv-rental/alberta_lacombe_motorhome_classc_adventure-manufacturing_23rb,Rent my 2013 Adventurer 23ft from $229/night | RVezy,6,Lacombe,AB,Class C,2013.0,Adventurer,23ft,23.0,6,,,,,229.0,1.0,0,0,,,4.8,35.0,4.8,4.8,4.6,4.8,1,1,0,2
6,Brad,2020,80,0,6,https://www.rvezy.com/rv-rental/alberta_lacombe_traveltrailer_traveltrailer_travel-aire_rt-185,Rent my 2004 Travelaire Rustler from $125/night | RVezy,6,Lacombe,AB,Travel Trailer,2004.0,Travelaire,Rustler,19.0,4,,3000.0,"2 5/16""",800.0,125.0,1.0,1,0,,,4.8,9.0,4.8,4.8,4.8,4.8,1,1,0,2
20,Adam,2022,100,1,20,https://www.rvezy.com/rv-rental/alberta_blackfalds_traveltrailer_hybrid_kz_sportsman-classic,Rent my 2022 KZ Sportsman classic from $115/night | RVezy,20,Lacombe,AB,Travel Trailer,2022.0,KZ,Sportsman classic,22.0,622,,3370.0,"2""",360.0,115.0,1.0,1,1,70.0,4.5,5.0,26.0,5.0,5.0,5.0,5.0,1,1,0,2
20,Adam,2022,100,1,429,https://www.rvezy.com/rv-rental/alberta_calgary_traveltrailer_traveltrailer_forest-river_wildwood-x-lite-bunk-house_fb6f47,Rent my 2016 Forest River Wildwood X Lite - Bunk House from $115/night | RVezy,20,Calgary,AB,Travel Trailer,2016.0,Forest,River Wildwood X Lite - Bunk House,21.0,621,,3300.0,"2 5/16""",403.0,115.0,1.0,1,0,,,,,,,,,0,0,1,2
27,Jay,2019,100,0,27,https://www.rvezy.com/rv-rental/alberta_lacombe_motorhome_classc_fleetwood_tioga-34m,Rent my 2008 Fleetwood Tioga 34M from $288/night | RVezy,27,Lacombe,AB,Class C,2008.0,Fleetwood,Tioga 34M,34.0,634,2.0,,,,288.0,1.0,0,1,150.0,3.67,5.0,19.0,5.0,5.0,5.0,5.0,1,1,0,2
27,Jay,2019,100,0,173,https://www.rvezy.com/rv-rental/alberta_cochrane_traveltrailer_traveltrailer_other_5x8-diamond-in-the-rough_551d8c,Rent my 2021 Other 5x8 diamond in the rough from $104/night | RVezy,27,Cochrane,AB,Travel Trailer,2021.0,Other,5x8 diamond in the rough,8.0,28,,900.0,"1 7/8""",90.0,104.0,1.0,0,1,200.0,4.68,5.0,3.0,5.0,5.0,5.0,5.0,1,1,1,2
49,Chris,2023,100,1,49,https://www.rvezy.com/rv-rental/alberta_lethbridge_motorhome_classc_winnebago_view_1cdc7c,Rent my 2007 Winnebago View from $247/night | RVezy,49,Lethbridge,AB,Class C,2007.0,Winnebago,View,24.0,624,1.0,,,,247.0,1.0,1,1,250.0,2.5,5.0,15.0,5.0,4.9,5.0,5.0,0,0,0,2
49,Chris,2023,100,1,425,https://www.rvezy.com/rv-rental/alberta_calgary_motorhome_classb_roadtrek_ss-ideal_092cca,Rent my 2010 Roadtrek SS Ideal from $196/night | RVezy,49,Calgary,AB,Class B,2010.0,Roadtrek,SS Ideal,19.0,219,1.0,,,,196.0,1.0,1,1,200.0,2.25,5.0,2.0,5.0,5.0,5.0,5.0,1,1,0,2
63,Mike,2024,100,1,63,https://www.rvezy.com/rv-rental/alberta_blackfalds_traveltrailer_traveltrailer_coachmen_176bh_d00e9c,Rent my 2021 Coachmen 176BH from $144/night | RVezy,63,Blackfalds,AB,Travel Trailer,2021.0,Coachmen,176BH,20.0,520,1.0,4000.0,"1 7/8""",450.0,144.0,1.0,1,1,125.0,2.0,5.0,2.0,5.0,5.0,5.0,5.0,1,1,0,2
63,Mike,2024,100,1,353,https://www.rvezy.com/rv-rental/alberta_calgary_traveltrailer_hybrid_starcraft_launch-extreme_f8f059,Rent my 2017 Starcraft Launch Extreme from $114/night | RVezy,63,Calgary,AB,Travel Trailer,2017.0,Starcraft,Launch Extreme,22.0,522,,3282.0,"2""",540.0,114.0,500.0,1,0,,,,,5.0,5.0,5.0,5.0,1,1,1,2
68,Donald,2021,100,1,603,https://www.rvezy.com/rv-rental/british-columbia_radium-hot-spring-_rvcottage_na_na,Rent my RV Cottage from $150/night | RVezy,68,,,,,,,,6,2.0,,,,150.0,700.0,1,0,,,,,,,,,0,0,0,5
68,Donald,2021,100,1,68,https://www.rvezy.com/rv-rental/alberta_red-deer_traveltrailer_tenttrailer_palomino_pinto,Unit #1 Lets Camp RV Rentals Palomino camping adventure.,68,Red-Deer,AB,Travel Trailer,,,,17.0,617,2.0,1800.0,"2""",110.0,,500.0,0,1,85.0,1.0,5.0,7.0,5.0,4.9,5.0,5.0,1,1,0,5
68,Donald,2021,100,1,69,https://www.rvezy.com/rv-rental/alberta_red-deer_traveltrailer_tenttrailer_other_palomino-king_10d4cd,Unit #2 Lets Camp RV Rentals Palomino Camping Adventure,68,Red-Deer,AB,Travel Trailer,,,,17.0,617,2.0,1800.0,"2""",150.0,,500.0,1,1,85.0,1.0,,,5.0,5.0,5.0,5.0,0,0,0,5
68,Donald,2021,100,1,81,https://www.rvezy.com/rv-rental/alberta_red-deer_traveltrailer_tenttrailer_forest-river_flagstaff_4b2fef,Unit #3 Lets Camp RV Rentals. Palomino Camping Adventure.,68,Red-Deer,AB,Travel Trailer,,,,17.0,217,2.0,1800.0,"2""",150.0,,500.0,1,1,85.0,2.0,,,,,,,0,0,0,5
68,Donald,2021,100,1,83,https://www.rvezy.com/rv-rental/alberta_red-deer_traveltrailer_traveltrailer_coachmen_25-,Unit #5 Lets Camp RV Rentals. Coachman Camping Adventure.,68,Red-Deer,AB,Travel Trailer,,,,25.0,625,,4500.0,"2 5/16""",450.0,,500.0,0,1,85.0,2.5,5.0,2.0,5.0,5.0,5.0,5.0,1,1,0,5
75,Dallas,2022,93,0,75,https://www.rvezy.com/rv-rental/alberta_sylvan-lake_traveltrailer_traveltrailer_keystone_cougar,Rent my 2018 Keystone Cougar from $175/night | RVezy,75,Sylvan-Lake,AB,Travel Trailer,2018.0,Keystone,Cougar,29.0,1029,1.0,6870.0,"2 5/16""",810.0,175.0,1.0,1,1,300.0,4.0,5.0,16.0,5.0,5.0,4.9,5.0,1,1,0,2
75,Dallas,2022,93,0,309,https://www.rvezy.com/rv-rental/alberta_calgary_traveltrailer_traveltrailer_happier-camper_hc1,Rent my 2022 Happier Camper HC1 from $120/night | RVezy,75,Calgary,AB,Travel Trailer,2022.0,Happier,Camper HC1,13.0,213,,1500.0,"2""",150.0,120.0,1.0,1,0,,,5.0,10.0,5.0,5.0,5.0,5.0,0,1,1,2
87,Larry,2023,100,1,87,https://www.rvezy.com/rv-rental/alberta_innisfail_traveltrailer_traveltrailer_gulf-stream_20-bhl_74c2c9,Rent my 2009 Gulf Stream 20 BHL from $109/night | RVezy,87,Innisfail,AB,Travel Trailer,2009.0,Gulf,Stream 20 BHL,20.0,420,,7478.0,"2 5/16""",400.0,109.0,1.0,1,1,150.0,2.5,5.0,10.0,5.0,5.0,5.0,5.0,1,1,0,2
87,Larry,2023,100,1,117,https://www.rvezy.com/rv-rental/alberta_ab_traveltrailer_traveltrailer_heartland_prowler,Rent my 2004 Heartland Prowler from $109/night | RVezy,87,Innisfail,AB,Travel Trailer,2004.0,Heartland,Prowler,22.0,722,,5280.0,"2 5/16""",1500.0,109.0,1.0,1,1,150.0,2.5,5.0,20.0,5.0,4.9,5.0,5.0,1,1,0,2
89,Glen,2021,93,1,110,https://www.rvezy.com/rv-rental/alberta_jarvis-bay_motorhome_classa_fleetwood_bounder_9aabd5,Rent my 2016 Fleetwood Bounder from $408/night | RVezy,89,Jarvis-Bay,AB,Class A,2016.0,Fleetwood,Bounder,36.0,636,3.0,,,,408.0,1.0,0,0,,,,,,,,,1,0,0,2
89,Glen,2021,93,1,89,https://www.rvezy.com/rv-rental/alberta_blackfalds_motorhome_classc_other_23h_6616eb,Rent my 2006 Winnebago 23H from $207/night | RVezy,89,Blackfalds,AB,Class C,2006.0,Winnebago,23H,24.0,424,1.0,,,,207.0,1.0,0,1,,,4.5,6.0,4.5,4.2,4.5,4.8,0,0,0,2
95,Paul,2021,100,1,95,https://www.rvezy.com/rv-rental/alberta_red-deer_traveltrailer_traveltrailer_forest-river_shasta-flyte-3150k,Rent my 2016 Forest River Shasta Flyte 3150k from $155/night | RVezy,95,Red-Deer,AB,Travel Trailer,2016.0,Forest,River Shasta Flyte 3150k,,833,1.0,7648.0,"2 5/16""",648.0,155.0,1.0,1,1,250.0,3.5,4.9,49.0,5.0,4.9,4.9,5.0,1,1,1,2
95,Paul,2021,100,1,452,https://www.rvezy.com/rv-rental/alberta_airdrie_traveltrailer_hybrid_kz_22ct,Rent my 2010 KZ 22CT from $126/night | RVezy,95,Airdrie,AB,Travel Trailer,2010.0,KZ,22CT,22.0,1022,,3780.0,"2 5/16""",520.0,126.0,1.0,1,0,,,4.8,30.0,4.8,4.8,4.7,4.9,1,1,0,2
100,Don,2024,100,1,313,https://www.rvezy.com/rv-rental/alberta_calgary_motorhome_classc_other_entegra-odyssey_6bad00,Rent my 2024 Jayco Entegra Odyssey from $322/night | RVezy,100,Calgary,AB,Class C,2024.0,Jayco,Entegra Odyssey,25.0,525,1.0,,,,322.0,1.0,0,1,150.0,5.0,,,5.0,5.0,5.0,5.0,0,0,0,2
100,Don,2024,100,1,100,https://www.rvezy.com/rv-rental/alberta_red-deer_traveltrailer_traveltrailer_other_kz-280bhss_3c7b67,Rent my 2014 Thor Motor Coach Sportsmen KZ-280BHSS from $167/night | RVezy,100,Red-Deer,AB,Travel Trailer,2014.0,Thor,Motor Coach Sportsmen KZ-280BHSS,28.0,628,1.0,5450.0,"2""",680.0,167.0,1.0,0,1,100.0,2.25,4.9,3.0,5.0,4.7,5.0,5.0,0,0,0,2
102,Tom,2023,100,1,102,https://www.rvezy.com/rv-rental/alberta_red-deer_traveltrailer_traveltrailer_cherokee_black-label,Rent my 2021 Other Black Label from $150/night | RVezy,102,Red-Deer,AB,Travel Trailer,2021.0,Other,Black Label,32.0,632,1.0,6383.0,"2""",720.0,150.0,750.0,1,1,125.0,2.5,4.9,19.0,4.8,4.7,5.0,5.0,1,1,0,2
102,Tom,2023,100,1,283,https://www.rvezy.com/rv-rental/alberta_calgary_traveltrailer_traveltrailer_jayco_jayco-flight_e9625f,Rent my 2022 Jayco Jayco flight from $144/night | RVezy,102,Calgary,AB,Travel Trailer,2022.0,Jayco,Jayco flight,21.0,621,1.0,3500.0,"2""",375.0,144.0,500.0,1,0,,,,,,,,,0,0,0,2
112,Mark,2025,100,0,112,https://www.rvezy.com/rv-rental/alberta_red-deer_traveltrailer_traveltrailer_keystone_coleman-lantern_c30684,Cozy & Fully Loaded 21.5‚Äô trailer ‚Äì Sleeps 5 with Fireplace and A/C,112,Red-Deer,AB,Travel Trailer,,,,21.0,5,,2985.0,"2 5/16""",385.0,,1.0,1,1,,,4.6,3.0,5.0,4.0,5.0,4.5,0,0,0,2
112,Mark,2025,100,0,592,https://www.rvezy.com/rv-rental/alberta_calgary_motorhome_classb_pleasure-way_tofino_1751a0,Ram Promaster - Pleasureway Tofino Pop Top Full Camper- Sleeps 4!,112,Calgary,AB,Class B,,,,18.0,4,,,,,,1.0,1,1,150.0,2.0,5.0,3.0,5.0,5.0,5.0,5.0,1,1,0,2
127,Paul,2025,100,0,369,https://www.rvezy.com/rv-rental/alberta_calgary_traveltrailer_traveltrailer_shasta_revere-28qb_c2a043,Rent my 2016 Shasta Revere 28QB from $138/night | RVezy,127,Calgary,AB,Travel Trailer,2016.0,Shasta,Revere 28QB,30.0,1030,1.0,6800.0,"2 5/16""",620.0,138.0,1.0,1,1,250.0,2.25,,,,,,,0,0,1,2
127,Paul,2025,100,0,127,https://www.rvezy.com/rv-rental/alberta_sylvan-lake_traveltrailer_traveltrailer_coachmen_apex_d4a279,Rent my 2014 Coachmen Apex from $121/night | RVezy,127,Sylvan-Lake,AB,Travel Trailer,2014.0,Coachmen,Apex,26.0,626,1.0,6500.0,"2 5/16""",1.0,121.0,1.0,0,1,150.0,2.5,5.0,3.0,5.0,5.0,5.0,5.0,0,0,0,2
129,Alyssa,2023,100,0,129,https://www.rvezy.com/rv-rental/alberta_sundre_traveltrailer_fifthwheel_keystone_laredo_aa4729,Rent my 2018 Keystone Laredo from $180/night | RVezy,129,Sundre,AB,Travel Trailer,2018.0,Keystone,Laredo,29.0,629,4.0,10600.0,,,180.0,1.0,1,1,200.0,4.0,5.0,2.0,5.0,5.0,5.0,5.0,0,0,0,2
129,Alyssa,2023,100,0,130,https://www.rvezy.com/rv-rental/alberta_sundre_traveltrailer_traveltrailer_forest-river_flagstaff-27bhs_924d23,Rent my 2011 Forest River Flagstaff 27BHS from $150/night | RVezy,129,Sundre,AB,Travel Trailer,2011.0,Forest,River Flagstaff 27BHS,27.0,627,1.0,6570.0,"2 5/16""",570.0,150.0,1.0,1,1,200.0,4.0,,,,,,,0,0,0,2
132,Carter,2025,100,0,132,https://www.rvezy.com/rv-rental/alberta_aldersyde_traveltrailer_traveltrailer_other_wave-29bhs_c0d6dc,Family-Friendly Thor Wave 29BHS Travel Trailer ‚Äì Comfort & Convenience on the Road!,132,Aldersyde,AB,Travel Trailer,,,,29.0,729,1.0,5500.0,"2 5/16""",550.0,,1.0,1,1,75.0,2.5,,,,,,,1,1,1,2
132,Carter,2025,100,0,134,https://www.rvezy.com/rv-rental/alberta_aldersyde_traveltrailer_fifthwheel_keystone_hideout-315rtds_3996a0,Spacious 2019 Keystone Hideout 315RTDS Fifth Wheel ‚Äì Your Home Away From Home!,132,Aldersyde,AB,Travel Trailer,,,,36.0,636,3.0,9720.0,,,,1.0,1,1,75.0,2.5,5.0,3.0,5.0,5.0,5.0,5.0,1,1,1,2
135,Jason,2023,100,0,179,https://www.rvezy.com/rv-rental/alberta_calgary_traveltrailer_traveltrailer_other_21rbh_79e21c,Rent my 2004 Trail Cruiser TC 21RBH from $138/night | RVezy,135,Calgary,AB,Travel Trailer,2004.0,Trail,Cruiser TC 21RBH,21.0,521,,5500.0,"2 5/16""",500.0,138.0,1.0,1,1,200.0,2.1,4.8,10.0,4.9,4.8,4.7,4.9,1,1,0,2
135,Jason,2023,100,0,135,https://www.rvezy.com/rv-rental/alberta_sundre_traveltrailer_fifthwheel_sportsman_ultralite-kz-2352ms_f3c40a,Rent my 2001 Sportsm Ultralite KZ 2352MS from $98/night | RVezy,135,Didsbury,AB,Travel Trailer,2001.0,Sportsm,Ultralite KZ 2352MS,24.0,624,1.0,6500.0,,,98.0,750.0,0,1,50.0,2.49,5.0,13.0,5.0,4.8,5.0,5.0,1,1,0,2
149,David,2025,100,0,149,https://www.rvezy.com/rv-rental/british-columbia_oliver_traveltrailer_toyhauler_jayco_talon_96f6ac,Rent my 2020 Jayco Talon from $259/night | RVezy,149,Mountain-View-County,AB,Travel Trailer,2020.0,Jayco,Talon,40.0,740,3.0,13179.0,"2 5/16""",7000.0,259.0,1.0,0,1,150.0,2.25,,,,,,,1,1,1,2
149,David,2025,100,0,246,https://www.rvezy.com/rv-rental/alberta_priddis_traveltrailer_microtrailer_nucamp_tag-max-xl_263ecd,Rent my 2016 nuCamp Tag Max XL from $126/night | RVezy,149,Priddis,AB,Travel Trailer,2016.0,nuCamp,Tag Max XL,14.0,214,,1388.0,"2""",177.0,126.0,1.0,1,0,,,,,,,,,0,0,0,2
151,Ryley,2025,100,0,151,https://www.rvezy.com/rv-rental/alberta_nanton_traveltrailer_traveltrailer_holiday-rambler_rambler_b39a2c,Rent my 2009 Holiday Rambler Rambler from $115/night | RVezy,151,Nanton,AB,Travel Trailer,2009.0,Holiday,Rambler Rambler,28.0,628,1.0,5300.0,"2 5/16""",620.0,115.0,1.0,1,1,200.0,2.0,,,,,,,1,1,1,2
151,Ryley,2025,100,0,161,https://www.rvezy.com/rv-rental/alberta_nanton_traveltrailer_traveltrailer_gulf-stream_stream-lite_1ef9c6,Rent my 2009 Gulf Stream Stream Lite from $115/night | RVezy,151,Nanton,AB,Travel Trailer,2009.0,Gulf,Stream Stream Lite,28.0,528,1.0,5320.0,"2 5/16""",600.0,115.0,1.0,1,1,150.0,2.0,,,,,,,1,1,0,2
153,Ashley,2022,86,1,230,https://www.rvezy.com/rv-rental/alberta_foothills-county_traveltrailer_traveltrailer_crossroads_super-lite-sunset-trail_6d21ba,Rent my 2009 Crossroads Super Lite Sunset Trail from $155/night | RVezy,153,Foothills-County,AB,Travel Trailer,2009.0,Crossroads,Super Lite Sunset Trail,26.0,626,1.0,6600.0,"2""",6600.0,155.0,1.0,1,1,200.0,4.4,5.0,8.0,5.0,5.0,5.0,5.0,1,1,0,3
153,Ashley,2022,86,1,511,https://www.rvezy.com/rv-rental/alberta_foothills-county_traveltrailer_traveltrailer_keystone_springdale,Rent my 2017 Keystone Springdale from $155/night | RVezy,153,Foothills-County,AB,Travel Trailer,2017.0,Keystone,Springdale,24.0,624,,4320.0,"2""",530.0,155.0,1.0,1,1,200.0,4.4,4.8,18.0,4.7,4.7,4.8,4.9,1,1,1,3
153,Ashley,2022,86,1,153,https://www.rvezy.com/rv-rental/alberta_rocky-mountain-house_traveltrailer_traveltrailer_jayco_jay-flight-145-rb_352839,Rent my 2020 Jayco Jay Flight 145 RB from $104/night | RVezy,153,Sundre,AB,Travel Trailer,2020.0,Jayco,Jay Flight 145 RB,16.0,316,,2400.0,"2""",220.0,104.0,1.0,1,1,250.0,2.0,4.9,28.0,5.0,4.9,5.0,5.0,1,1,0,3
156,Larry,2025,100,1,156,https://www.rvezy.com/rv-rental/alberta_mountain-view-county_motorhome_classc_jayco_melbourne_1d107e,Rent my 2023 Jayco Melbourne from $240/night | RVezy,156,Mountain-VIEW-COUNTY,AB,Class C,2023.0,Jayco,Melbourne,24.0,524,1.0,,,,240.0,1.0,0,1,200.0,1.75,,,,,,,1,1,0,2
156,Larry,2025,100,1,245,https://www.rvezy.com/rv-rental/alberta_calgary_traveltrailer_traveltrailer_gulf-stream_conquest-clipper_d506b8,Rent my 2005 Gulf Stream Conquest Clipper from $161/night | RVezy,156,Rocky-View-County,AB,Travel Trailer,2005.0,Gulf,Stream Conquest Clipper,26.0,426,1.0,7700.0,"2 5/16""",880.0,161.0,1.0,1,1,150.0,2.25,,,,,,,1,1,1,2
186,David,2022,90,0,186,https://www.rvezy.com/rv-rental/alberta_calgary_traveltrailer_traveltrailer_gulf-stream_conquest_c755e9,Rent my 2015 Gulf Stream Conquest from $150/night | RVezy,186,Calgary,AB,Travel Trailer,2015.0,Gulf,Stream Conquest,29.0,829,,5160.0,"2 5/16""",690.0,150.0,1.0,1,1,200.0,2.5,4.6,11.0,4.5,4.5,4.6,4.6,1,1,1,2
186,David,2022,90,0,408,https://www.rvezy.com/rv-rental/alberta_calgary_traveltrailer_traveltrailer_forest-river_wolf-pup-17jg_f513fa,Rent my 2022 Forest River Wolf Pup 17JG from $150/night | RVezy,186,Calgary,AB,Travel Trailer,2022.0,Forest,River Wolf Pup 17JG,21.0,621,1.0,3880.0,"1 7/8""",444.0,150.0,1.0,1,1,200.0,2.75,,,,,,,1,1,1,2
187,Jerad,2022,100,0,187,https://www.rvezy.com/rv-rental/alberta_calgary_traveltrailer_traveltrailer_boler_1300_16fdb8,Rent my 1975 Boler 1300 from $161/night | RVezy,187,Calgary,AB,Travel Trailer,1975.0,Boler,1300,13.0,413,,900.0,"2""",220.0,161.0,500.0,1,1,200.0,3.0,4.3,3.0,4.3,4.3,4.3,4.3,1,1,0,3
187,Jerad,2022,100,0,188,https://www.rvezy.com/rv-rental/alberta_calgary_traveltrailer_traveltrailer_boler_1300,Rent my 1975 Boler 1300 from $161/night | RVezy,187,Calgary,AB,Travel Trailer,1975.0,Boler,1300,13.0,413,,900.0,"2""",265.0,161.0,500.0,1,1,200.0,3.0,4.9,5.0,4.8,4.6,5.0,5.0,1,1,0,3
187,Jerad,2022,100,0,189,https://www.rvezy.com/rv-rental/alberta_calgary_traveltrailer_traveltrailer_triple-e_surfside_718dcb,Rent my 1977 Triple E Surfside from $161/night | RVezy,187,Calgary,AB,Travel Trailer,1977.0,Triple,E Surfside,14.0,414,,1600.0,"2""",280.0,161.0,500.0,1,1,200.0,4.0,,,,,,,1,1,0,3
192,Kelly,2020,53,0,321,https://www.rvezy.com/rv-rental/alberta_calgary_traveltrailer_tenttrailer_jayco_jay-feather_46d37e,Rent my 2014 Jayco Jay feather from $115/night | RVezy,192,Calgary,AB,Travel Trailer,2014.0,Jayco,Jay feather,20.0,820,2.0,4283.0,"2 5/16""",4283.0,115.0,400.0,0,0,,,,,,,,,1,0,0,2
192,Kelly,2020,53,0,192,https://www.rvezy.com/rv-rental/alberta_calgary_traveltrailer_traveltrailer_keystone_cougar-21rbs,Family Friendly & Lightweight Keystone Cougar 21RBS Travel Trailer,192,Calgary,AB,Travel Trailer,,,,26.0,426,1.0,5300.0,"2 5/16""",580.0,,1.0,0,1,300.0,3.0,4.6,6.0,4.5,4.5,4.5,5.0,1,1,0,2
193,Han,2018,86,0,343,https://www.rvezy.com/rv-rental/alberta_chestermere_motorhome_classc_majestic_28a,Rent my 2013 Thor Motor Coach 28A from $299/night | RVezy,193,Chestermere,AB,Class C,2013.0,Thor,Motor Coach 28A,28.0,928,,,,,299.0,1.0,0,1,50.0,5.5,4.9,29.0,4.9,4.9,4.9,4.9,1,1,0,6
193,Han,2018,86,0,193,https://www.rvezy.com/rv-rental/alberta_chestermere_motorhome_classc_thor-motor-coach_four-winds-majectic-23a,Rent my 2014 Thor Motor Coach FOUR WINDS MAJECTIC 23A from $288/night | RVezy,193,Chestermere,AB,Class C,2014.0,Thor,Motor Coach FOUR WINDS MAJECTIC 23A,23.0,723,,,,,288.0,1.0,0,1,,,44.9,7.0,4.9,4.9,4.9,5.0,1,1,0,6
193,Han,2018,86,0,194,https://www.rvezy.com/rv-rental/alberta_chestermere_motorhome_classc_majestic_23a,Rent my 2014 Thor Motor Coach 23A from $288/night | RVezy,193,Chestermere,AB,Class C,2014.0,Thor,Motor Coach 23A,23.0,723,,,,,288.0,1.0,0,1,,,14.9,15.0,4.9,4.9,4.8,5.0,1,1,0,6
193,Han,2018,86,0,266,https://www.rvezy.com/rv-rental/alberta_chestermere_motorhome_classc_thor_majestic_a88df2,Rent my 2012 Thor Motor Coach Majestic 23a from $288/night | RVezy,193,Chestermere,AB,Class C,2012.0,Thor,Motor Coach Majestic 23a,23.0,723,,,,,288.0,1.0,0,0,,,,,5.0,5.0,5.0,5.0,1,1,0,6
193,Han,2018,86,0,341,https://www.rvezy.com/rv-rental/alberta_chestermere_motorhome_classc_majestic_23a_1,Rent my 2014 Thor Motor Coach 23A from $288/night | RVezy,193,Chestermere,AB,Class C,2014.0,Thor,Motor Coach 23A,23.0,723,,,,,288.0,1.0,0,1,,,24.9,13.0,4.9,4.9,4.9,4.9,1,1,0,6
193,Han,2018,86,0,342,https://www.rvezy.com/rv-rental/alberta_chestermere_motorhome_classc_majestic_23a_2,Rent my 2014 Thor Motor Coach 23A from $288/night | RVezy,193,Chestermere,AB,Class C,2014.0,Thor,Motor Coach 23A,23.0,623,,,,,288.0,1.0,0,1,100.0,2.5,34.8,14.0,4.8,4.7,4.7,4.8,1,1,0,6
200,Dana,2024,80,0,200,https://www.rvezy.com/rv-rental/alberta_chestermere_motorhome_campervan_thor-motor-coach_dazzle_328d5b,Rent my 2024 Thor Motor Coach Dazzle from $395/night | RVezy,200,Chestermere,AB,,2024.0,Thor,Motor Coach Dazzle,21.0,221,,,,,395.0,2.0,1,0,,,5.0,3.0,5.0,5.0,5.0,5.0,1,1,0,2
200,Dana,2024,80,0,279,https://www.rvezy.com/rv-rental/alberta_chestermere_traveltrailer_microtrailer_little-guy_tab_cd664f,Rent my 2017 Little Guy TAB from $201/night | RVezy,200,Chestermere,AB,Travel Trailer,2017.0,Little,Guy TAB,9.0,29,,1600.0,"2""",90.0,201.0,1.0,1,0,,,,,5.0,5.0,5.0,5.0,1,1,1,2
203,Phong,2022,100,1,231,https://www.rvezy.com/rv-rental/alberta_calgary_traveltrailer_traveltrailer_coachmen_164bhx_525dcc,Rent my 2024 Coachmen 164BHX from $130/night | RVezy,203,Chestermere,AB,Travel Trailer,2024.0,Coachmen,164BHX,20.0,420,,3000.0,"2 5/16""",350.0,130.0,1.0,0,0,,,,,1.0,2.0,1.0,1.0,0,0,1,3
203,Phong,2022,100,1,203,https://www.rvezy.com/rv-rental/alberta_calgary_traveltrailer_traveltrailer_travel-trailer_r179,Rent my 2021 Hideout R179 from $120/night | RVezy,203,Chestermere,AB,Travel Trailer,2021.0,Hideout,R179,21.0,421,1.0,3600.0,"2 5/16""",350.0,120.0,1.0,0,0,,,4.8,8.0,4.9,4.9,4.7,4.9,1,1,0,3
203,Phong,2022,100,1,281,https://www.rvezy.com/rv-rental/alberta_calgary_traveltrailer_traveltrailer_dutchmen_bh170_608888,Rent my 2021 Dutchmen BH170 from $115/night | RVezy,203,Calgary,AB,Travel Trailer,2021.0,Dutchmen,BH170,21.0,221,,2950.0,"2 5/16""",150.0,115.0,1.0,1,0,,,,,,,,,0,0,1,3
206,Richard,2025,100,1,206,https://www.rvezy.com/rv-rental/alberta_calgary_traveltrailer_traveltrailer_heartland_edge-m22_eabdde,Rent my 2011 Heartland Edge M22 from $135/night | RVezy,206,Calgary,AB,Travel Trailer,2011.0,Heartland,Edge M22,26.0,226,1.0,3690.0,"2 5/16""",390.0,135.0,1.0,1,1,200.0,3.33,,,,,,,0,0,1,2
206,Richard,2025,100,1,395,https://www.rvezy.com/rv-rental/alberta_rocky-view-county_traveltrailer_traveltrailer_heartland_edge_0ae89b,Rent my 2011 Heartland Edge from $135/night | RVezy,206,Rocky-View-County,AB,Travel Trailer,2011.0,Heartland,Edge,26.0,626,1.0,3690.0,"2 5/16""",390.0,135.0,1.0,1,1,200.0,3.33,,,5.0,5.0,5.0,5.0,0,0,1,2
209,Dave,2025,100,0,209,https://www.rvezy.com/rv-rental/alberta_calgary_traveltrailer_traveltrailer_keystone_hideout_4db041,Rent my 2023 Keystone Hideout from $150/night | RVezy,209,Calgary,AB,Travel Trailer,2023.0,Keystone,Hideout,34.0,234,2.0,7600.0,"2 5/16""",900.0,150.0,1.0,1,1,150.0,2.0,,,,,,,0,0,1,2
209,Dave,2025,100,0,484,https://www.rvezy.com/rv-rental/alberta_calgary_traveltrailer_traveltrailer_sunray_109_8ecbfd,Rent my 2025 Sunray 109 from $99/night | RVezy,209,Calgary,AB,Travel Trailer,2025.0,Sunray,109,12.0,212,,1350.0,"2""",160.0,99.0,1.0,1,0,,,5.0,2.0,5.0,5.0,5.0,5.0,0,0,1,2
216,Kelvin,2022,100,0,216,https://www.rvezy.com/rv-rental/alberta_calgary_motorhome_campervan_ford_transit-connect-_43aa6d,Rent my 2011 Ford Transit connect from $190/night | RVezy,216,Calgary,AB,,2011.0,Ford,Transit connect,12.0,212,,,,,190.0,500.0,1,1,50.0,2.0,,,,,,,1,1,0,2
216,Kelvin,2022,100,0,218,https://www.rvezy.com/rv-rental/alberta_calgary_motorhome_campervan_ford_transit,Rent my 2010 Ford transit from $190/night | RVezy,216,Calgary,AB,,2010.0,Ford,transit,12.0,212,,,,,190.0,1.0,1,0,,,4.6,11.0,4.6,4.6,4.4,4.6,1,1,0,2
220,Tomas,2024,100,0,220,https://www.rvezy.com/rv-rental/alberta_calgary_motorhome_classb_ram_promaster-3500-extended_cbdf77,"Cozy custom crafted van with Shower, Toilet, Heat, Solar and more!",220,Calgary,AB,Class B,,,,21.0,221,,,,,,1.0,0,0,,,,,,,,,0,0,0,2
220,Tomas,2024,100,0,233,https://www.rvezy.com/rv-rental/alberta_calgary_motorhome_classb_ram_promaster-3500-159-ext_a9ec47,"Cozy custom crafted van with Shower, Toilet, A/C , Heat, Solar and more",220,Calgary,AB,Class B,,,,21.0,221,1.0,,,,,1.0,0,0,,,,,,,,,0,0,0,2
221,Corinna,2016,100,1,222,https://www.rvezy.com/rv-rental/alberta_calgary_traveltrailer_traveltrailer_boler_17foot,Rent my 1977 Boler 17foot from $167/night | RVezy,221,Calgary,AB,Travel Trailer,1977.0,Boler,17foot,17.0,417,,2500.0,"2""",200.0,167.0,1.0,1,1,100.0,2.5,5.0,7.0,4.9,5.0,5.0,5.0,0,0,0,3
221,Corinna,2016,100,1,221,https://www.rvezy.com/rv-rental/alberta_calgary_traveltrailer_traveltrailer_boler_13-foot_1,Rent my 1976 Boler 13 Foot from $161/night | RVezy,221,Calgary,AB,Travel Trailer,1976.0,Boler,13 Foot,13.0,213,,1750.0,"2""",90.0,161.0,1.0,1,1,100.0,2.5,5.0,10.0,5.0,5.0,5.0,5.0,0,0,0,3
221,Corinna,2016,100,1,274,https://www.rvezy.com/rv-rental/alberta_calgary_traveltrailer_traveltrailer_boler_13-foot_2,Rent my 1976 Boler 13 Foot from $161/night | RVezy,221,Calgary,AB,Travel Trailer,1976.0,Boler,13 Foot,13.0,213,,1750.0,"2""",90.0,161.0,1.0,1,1,100.0,2.5,5.0,4.0,5.0,5.0,5.0,5.0,0,0,0,3
250,Nerpaul,2021,93,0,250,https://www.rvezy.com/rv-rental/alberta_calgary_motorhome_classc_majestic-leisure-craft_e450-ford,Rent my 2004 Majestic Leisure Craft E450 Ford from $288/night | RVezy,250,Calgary,AB,Class C,2004.0,Majestic,Leisure Craft E450 Ford,25.0,725,1.0,,,,288.0,1.0,1,1,50.0,2.25,4.8,32.0,4.9,4.8,4.6,5.0,1,1,0,5
250,Nerpaul,2021,93,0,303,https://www.rvezy.com/rv-rental/alberta_calgary_motorhome_classc_coachmen_2010-ford-,Rent my 2010 Coachmen 2010 Ford from $288/night | RVezy,250,Calgary,AB,Class C,2010.0,Coachmen,2010 Ford,25.0,625,,,,,288.0,1.0,1,1,50.0,2.25,4.9,30.0,4.9,4.9,4.7,4.9,1,1,0,5
250,Nerpaul,2021,93,0,304,https://www.rvezy.com/rv-rental/alberta_calgary_motorhome_classc_majestic-leisure-craft_ford,Rent my 2016 Majestic Leisure Craft Ford from $288/night | RVezy,250,Calgary,AB,Class C,2016.0,Majestic,Leisure Craft Ford,23.0,623,,,,,288.0,1.0,1,1,50.0,2.25,4.8,33.0,4.9,4.8,4.6,4.9,1,1,0,5
250,Nerpaul,2021,93,0,401,https://www.rvezy.com/rv-rental/alberta_calgary_motorhome_classc_jayco_-ford,Rent my 2006 Jayco Ford from $288/night | RVezy,250,Calgary,AB,Class C,2006.0,Jayco,Ford,25.0,625,1.0,,,,288.0,1.0,0,1,50.0,2.25,5.0,35.0,5.0,5.0,4.9,5.0,1,1,0,5
250,Nerpaul,2021,93,0,402,https://www.rvezy.com/rv-rental/alberta_calgary_motorhome_classc_sunseeker_ford-,Rent my 2013 Forest River Ford from $288/night | RVezy,250,Calgary,AB,Class C,2013.0,Forest,River Ford,26.0,726,1.0,,,,288.0,1.0,1,1,50.0,2.25,4.8,32.0,4.9,4.8,4.8,4.9,1,1,0,5
258,David,2023,93,0,368,https://www.rvezy.com/rv-rental/alberta_cochrane_traveltrailer_traveltrailer_keystone_bullet-crossfire_eb0bf1,Rent my 2022 Keystone Bullet Crossfire from $161/night | RVezy,258,Calgary,AB,Travel Trailer,2022.0,Keystone,Bullet Crossfire,22.0,622,,3694.0,"2 5/16""",375.0,161.0,850.0,1,1,200.0,3.25,4.9,11.0,4.9,4.7,5.0,5.0,0,0,0,2
258,David,2023,93,0,258,https://www.rvezy.com/rv-rental/alberta_carseland_traveltrailer_traveltrailer_keystone_outback-26rs-_d619a2,Rent my 2005 Keystonestone Outback 26RS from $138/night | RVezy,258,Carseland,AB,Travel Trailer,2005.0,Keystonestone,Outback 26RS,26.0,726,1.0,4900.0,"2 5/16""",600.0,138.0,1.0,0,1,100.0,2.5,4.9,7.0,5.0,5.0,4.9,4.9,1,1,1,2
260,Karolina,2025,100,0,323,https://www.rvezy.com/rv-rental/alberta_calgary_motorhome_campervan_overland-explorer-vehicles_gmc-savana-explorer_eae8a1,Rent my 2007 Overland Explorer Vehicles GMC SAVANA EXPLORER from $242/night | RVezy,260,Calgary,AB,,2007.0,Overland,Explorer Vehicles GMC SAVANA EXPLORER,18.0,218,,,,,242.0,1.0,0,1,150.0,3.5,,,,,,,1,1,0,3
260,Karolina,2025,100,0,260,https://www.rvezy.com/rv-rental/alberta_calgary_motorhome_campervan_other_gmc-savana-2500-diesel_887754,Rent my 2006 GMC Savana 2500 Diesel GMC Savana 2500 Diesel from $217/night | RVezy,260,Calgary,AB,,2006.0,GMC,Savana 2500 Diesel GMC Savana 2500 Diesel,20.0,220,,,,,217.0,1.0,0,1,100.0,3.5,,,,,,,1,1,0,3
260,Karolina,2025,100,0,435,https://www.rvezy.com/rv-rental/alberta_calgary_motorhome_campervan_other_express-explorer_e8f918,Rent my 2007 Chevrolet Express Explorer from $217/night | RVezy,260,Calgary,AB,,2007.0,Chevrolet,Express Explorer,18.0,218,,,,,217.0,1.0,0,1,100.0,3.5,,,,,,,0,0,0,3
261,Mandy,2022,93,0,261,https://www.rvezy.com/rv-rental/alberta_calgary_motorhome_campervan_other_glampervan_bfa5ed,Rent my 2011 Glacier Campers Glampervan from $229/night | RVezy,261,Calgary,AB,,2011.0,Glacier,Campers Glampervan,22.0,222,,,,,229.0,500.0,1,0,,,,,,,,,0,0,0,2
261,Mandy,2022,93,0,441,https://www.rvezy.com/rv-rental/alberta_calgary_motorhome_campervan_ford_e350_5d3d2b,Rent my 2005 Ford E350 from $120/night | RVezy,261,Calgary,AB,,2005.0,Ford,E350,20.0,220,,,,,120.0,500.0,0,0,,,5.0,2.0,5.0,5.0,5.0,5.0,0,0,0,2
262,Kayla,2024,100,0,476,https://www.rvezy.com/rv-rental/alberta_crossfield_traveltrailer_traveltrailer_forest-river_cherokee-grey-wolf-black-label_dd9271,Rent my 2021 Forest River Cherokee Grey Wolf - Black Label from $150/night | RVezy,262,Crossfield,AB,Travel Trailer,2021.0,Forest,River Cherokee Grey Wolf - Black Label,32.0,832,1.0,9985.0,"2 5/16""",1492.0,150.0,1.0,1,1,200.0,2.5,,,5.0,5.0,5.0,5.0,1,1,1,2
262,Kayla,2024,100,0,262,https://www.rvezy.com/rv-rental/alberta_calgary_traveltrailer_traveltrailer_other_freeman-express-297-rlds_c6cdd5,Rent my 2014 Coachman freedom express Freeman express 297 rlds from $144/night | RVezy,262,Calgary,AB,Travel Trailer,2014.0,Coachman,freedom express Freeman express 297 rlds,35.0,635,2.0,6499.0,"2 5/16""",798.0,144.0,1.0,0,1,115.0,3.0,5.0,2.0,5.0,5.0,5.0,5.0,0,0,1,2
272,Jorge,2022,100,1,272,https://www.rvezy.com/rv-rental/alberta_calgary_traveltrailer_traveltrailer_forest-river_no-boundaries-198,Rent my 2021 Forest River No Boundaries 19.8 from $125/night | RVezy,272,Calgary,AB,Travel Trailer,,,,22.0,522,1.0,3700.0,"2""",400.0,125.0,1.0,1,1,150.0,2.0,4.8,7.0,4.7,4.7,4.9,4.7,1,1,1,2
272,Jorge,2022,100,1,354,https://www.rvezy.com/rv-rental/alberta_calgary_traveltrailer_traveltrailer_forest-river_rpod-190,Rent my 2021 Forest River RPOD 190 from $125/night | RVezy,272,Calgary,AB,Travel Trailer,2021.0,Forest,River RPOD 190,19.0,319,1.0,2980.0,"2""",310.0,125.0,1.0,1,1,150.0,2.0,4.8,9.0,4.8,4.4,5.0,4.9,1,1,1,2
276,nick,2022,93,1,277,https://www.rvezy.com/rv-rental/alberta_rocky-view-county_traveltrailer_traveltrailer_dutchmen_aspen-ridge,Rent my 2012 Dutchmen aspen ridge from $126/night | RVezy,276,Calgary,AB,Travel Trailer,2012.0,Dutchmen,aspen ridge,27.0,827,,4290.0,"2 5/16""",554.0,126.0,1.0,1,1,100.0,3.5,4.8,24.0,4.7,4.7,4.6,5.0,1,1,0,2
276,nick,2022,93,1,276,https://www.rvezy.com/rv-rental/alberta_rocky-view-county_traveltrailer_traveltrailer_fleetwood_pioneer,Rent my 2005 Fleetwood pioneer from $121/night | RVezy,276,Rocky-View-County,AB,Travel Trailer,2005.0,Fleetwood,pioneer,25.0,725,,4168.0,"2 5/16""",550.0,121.0,1.0,1,1,100.0,3.5,4.7,20.0,4.7,4.7,4.6,4.8,1,1,0,2
285,Kevin,2024,100,0,509,https://www.rvezy.com/rv-rental/alberta_airdrie_motorhome_classc_thor-motor-coach_2017_73c96e,Rent my 2017 Thor Motor Coach 2017 from $180/night | RVezy,285,Airdrie,AB,Class C,2017.0,Thor,Motor Coach 2017,30.0,830,,,,,180.0,1.0,1,1,100.0,1.5,4.2,8.0,4.4,3.6,4.1,4.8,0,0,0,2
285,Kevin,2024,100,0,285,https://www.rvezy.com/rv-rental/alberta_drumheller_traveltrailer_traveltrailer_other_2017_47826b,Rent my 2017 Shadow Cruiser 2017 from $150/night | RVezy,285,Calgary,AB,Travel Trailer,2017.0,Shadow,Cruiser 2017,28.0,828,1.0,5370.0,"2""",605.0,150.0,1.0,1,0,,,,,,,,,1,1,1,2
306,Chris,2019,86,0,307,https://www.rvezy.com/rv-rental/alberta_airdrie_traveltrailer_fifthwheel_forest-river_sabre_fdf4bb,Rent my 2022 Forest River Sabre from $288/night | RVezy,306,Airdrie,AB,Travel Trailer,2022.0,Forest,River Sabre,43.0,943,4.0,14500.0,,,288.0,2.0,1,1,150.0,3.75,5.0,7.0,5.0,5.0,5.0,5.0,1,1,0,2
306,Chris,2019,86,0,306,https://www.rvezy.com/rv-rental/alberta_airdrie_traveltrailer_traveltrailer_forest-river_26dbs-tracer-breeze_e1b29b,Rent my 2018 Forest River 26DBS Tracer Breeze from $150/night | RVezy,306,Airdrie,AB,Travel Trailer,2018.0,Forest,River 26DBS Tracer Breeze,31.0,831,1.0,7555.0,"2 5/16""",555.0,150.0,1.0,1,1,150.0,3.5,4.8,4.0,4.8,4.8,5.0,4.8,1,1,1,2
335,Stacey,2019,100,1,335,https://www.rvezy.com/rv-rental/alberta_airdrie_motorhome_classc_thor-motor-coach_four-winds-24f,Rent my 2022 Thor Motor Coach four winds 24f from $235/night | RVezy,335,Airdrie,AB,Class C,2022.0,Thor,Motor Coach four winds 24f,24.0,624,1.0,,,,235.0,1.0,1,0,,,5.0,35.0,5.0,4.9,4.9,5.0,1,1,0,4
335,Stacey,2019,100,1,584,https://www.rvezy.com/rv-rental/alberta_airdrie_traveltrailer_traveltrailer_jayco_jay-flight-slx-184_b0cc85,Rent my 2022 Jayco Jay Flight SLX 184 from $110/night | RVezy,335,Airdrie,AB,Travel Trailer,2022.0,Jayco,Jay Flight SLX 184,21.0,521,1.0,3420.0,"2 5/16""",375.0,110.0,1.0,1,0,,,1845.0,11.0,5.0,4.9,5.0,5.0,1,1,0,4
335,Stacey,2019,100,1,583,https://www.rvezy.com/rv-rental/alberta_airdrie_traveltrailer_traveltrailer_jayco_jayflight-slx-175,Rent my 2021 Jayco Jayflight 174 from $105/night | RVezy,335,Airdrie,AB,Travel Trailer,2021.0,Jayco,Jayflight 174,21.0,421,,3045.0,"2""",300.0,105.0,1.0,1,0,,,5.0,56.0,5.0,4.9,5.0,5.0,1,1,0,4
335,Stacey,2019,100,1,461,https://www.rvezy.com/rv-rental/alberta_airdrie_traveltrailer_traveltrailer_jayco_jay-flight_2,Rent my 2021 Jayco Jay Flight from $95/night | RVezy,335,Airdrie,AB,Travel Trailer,2021.0,Jayco,Jay Flight,18.0,418,,2645.0,"2""",333.0,95.0,1.0,1,0,,,5.0,22.0,5.0,5.0,5.0,5.0,1,1,0,4
362,John,2020,86,1,362,https://www.rvezy.com/rv-rental/alberta_calgary_traveltrailer_microtrailer_gnome-homes_gob,Rent my 2022 Other GOB from $109/night | RVezy,362,Airdrie,AB,Travel Trailer,2022.0,Other,GOB,9.0,29,,1378.0,"2""",175.0,109.0,1.0,0,0,,,5.0,16.0,5.0,4.8,5.0,5.0,0,0,0,2
362,John,2020,86,1,364,https://www.rvezy.com/rv-rental/alberta_calgary_traveltrailer_microtrailer_other_gob-2023_8eb450,Rent my 2023 Other GOB 2023 from $98/night | RVezy,362,Airdrie,AB,Travel Trailer,2023.0,Other,GOB 2023,9.0,29,,1375.0,"2""",150.0,98.0,1.0,0,0,,,4.9,14.0,4.9,4.9,4.9,4.9,0,0,0,2
374,Yasir,2025,100,0,374,https://www.rvezy.com/rv-rental/alberta_calgary_traveltrailer_traveltrailer_jayco_eagle_c81a1c,Rent my 1994 Jayco Eagle from $85/night | RVezy,374,Calgary,AB,Travel Trailer,1994.0,Jayco,Eagle,24.0,624,,5250.0,"2 5/16""",400.0,85.0,1.0,1,1,550.0,2.5,,,,,,,1,1,0,2
374,Yasir,2025,100,0,595,https://www.rvezy.com/rv-rental/alberta_calgary_traveltrailer_traveltrailer_fleetwood_wilderness_d09f6c,Rent my 1997 Fleetwood wilderness from $75/night | RVezy,374,Calgary,AB,Travel Trailer,1997.0,Fleetwood,wilderness,19.0,419,,4000.0,"2 5/16""",750.0,75.0,1.0,1,1,550.0,2.5,,,,,,,1,1,0,2
383,Geoff,2025,100,0,396,https://www.rvezy.com/rv-rental/alberta_cochrane_traveltrailer_traveltrailer_coachmen_2024-coachmen-apex-ultra-lite-256bhs-_c29ced,Rent my 2024 Coachmen 2024 Coachmen Apex Ultra-Lite 256BHS from $201/night | RVezy,383,Cochrane,AB,Travel Trailer,2024.0,Coachmen,2024 Coachmen Apex Ultra-Lite 256BHS,30.0,830,1.0,5472.0,"2 5/16""",694.0,201.0,1.0,0,1,200.0,2.5,,,,,,,1,1,1,2
383,Geoff,2025,100,0,383,https://www.rvezy.com/rv-rental/alberta_calgary_traveltrailer_traveltrailer_fleetwood_mallard_0f491b,Rent my 2001 Fleetwood Mallard from $115/night | RVezy,383,Calgary,AB,Travel Trailer,2001.0,Fleetwood,Mallard,24.0,424,1.0,3500.0,"2 5/16""",453.0,115.0,1.0,1,0,,,,,,,,,1,1,0,2
393,Shane,2024,100,1,393,https://www.rvezy.com/rv-rental/alberta_calgary_traveltrailer_traveltrailer_dutchmen_lite_92c05d,Rent my 2011 Dutchmen lite from $126/night | RVezy,393,Calgary,AB,Travel Trailer,2011.0,Dutchmen,lite,30.0,730,1.0,5476.0,"2""",676.0,126.0,1.0,0,1,200.0,2.0,4.9,7.0,5.0,4.7,4.7,5.0,0,0,1,2
393,Shane,2024,100,1,406,https://www.rvezy.com/rv-rental/alberta_calgary_traveltrailer_traveltrailer_airstream_basecamp_75320e,Rent my 2018 Airstream Basecamp from $114/night | RVezy,393,Calgary,AB,Travel Trailer,2018.0,Airstream,Basecamp,16.0,216,,2650.0,"2 5/16""",410.0,114.0,1.0,0,0,,,4.9,4.0,4.8,4.8,5.0,5.0,0,0,1,2
397,Yang,2021,100,1,397,https://www.rvezy.com/rv-rental/alberta_calgary_motorhome_classc_jayco_melbourne_279f5f,Rent my 2022 Jayco melbourne from $331/night | RVezy,397,Calgary,AB,Class C,2022.0,Jayco,melbourne,25.0,525,1.0,,,,331.0,2.0,1,0,,,4.8,4.0,4.8,4.8,4.8,4.8,0,0,0,3
397,Yang,2021,100,1,548,https://www.rvezy.com/rv-rental/alberta_calgary_motorhome_classc_jayco_melbourne_10e293,Rent my 2022 Jayco Melbourne from $331/night | RVezy,397,Calgary,AB,Class C,2022.0,Jayco,Melbourne,25.0,525,1.0,,,,331.0,2.0,1,0,,,4.9,4.0,5.0,5.0,5.0,4.5,0,0,0,3
397,Yang,2021,100,1,549,https://www.rvezy.com/rv-rental/alberta_calgary_motorhome_classc_jayco_melbourne,Rent my 2022 Jayco Melbourne from $331/night | RVezy,397,Calgary,AB,Class C,2022.0,Jayco,Melbourne,25.0,525,1.0,,,,331.0,2.0,1,0,,,4.8,17.0,4.9,4.8,4.8,4.9,0,0,0,3
400,Torrine,2018,100,1,550,https://www.rvezy.com/rv-rental/alberta_calgary_motorhome_classc_traveling-companion-on-wheels-_magical-majestic-fun-times,Rent my 2012 TRAVELING COMPANION ON WHEELS ‚Äì MAGICAL MAJESTIC FUN TIMES‚Ä¶ from $228/night | RVezy,400,Calgary,AB,Class C,,,,25.0,525,,,,,228.0,3.0,0,0,,,5.0,32.0,5.0,4.9,5.0,5.0,0,0,0,2
400,Torrine,2018,100,1,400,https://www.rvezy.com/rv-rental/alberta_calgary_motorhome_classc_majestic_23a,DARE TO TRAVEL WITH THE BEST! ‚Äì MAJICAL FUN TIMES WAITING FOR YOUR NEXT ADVENTURE,400,Calgary,AB,Class C,,,,27.0,727,2.0,,,,,3.0,0,0,,,5.0,30.0,5.0,5.0,5.0,5.0,0,0,0,2
415,Corey,2021,93,1,415,https://www.rvezy.com/rv-rental/alberta_calgary_motorhome_classc_adventurer-manufacturing_class-c-23rb_ec80c5,Rent my 2017 Adventurer Manufacturing Class C 23RB from $259/night | RVezy,415,Calgary,AB,Class C,2017.0,Adventurer,Manufacturing Class C 23RB,23.0,623,,,,,259.0,1.0,1,1,100.0,5.0,4.9,20.0,5.0,4.9,4.8,5.0,0,0,0,2
415,Corey,2021,93,1,416,https://www.rvezy.com/rv-rental/alberta_calgary_motorhome_classc_adventurer-manufacturing_24ds_db088b,Rent my 2020 Adventurer Manufacturing 24DS from $259/night | RVezy,415,Calgary,AB,Class C,2020.0,Adventurer,Manufacturing 24DS,25.0,625,1.0,,,,259.0,1.0,1,1,100.0,5.0,5.0,7.0,5.0,5.0,5.0,5.0,0,0,0,2
421,HAO,2023,100,1,421,https://www.rvezy.com/rv-rental/alberta_calgary_motorhome_campervan_ford_transit-connect_01e38e,Rent my 2011 Ford Transit connect from $161/night | RVezy,421,Calgary,AB,,2011.0,Ford,Transit connect,14.0,314,,,,,161.0,500.0,0,1,40.0,2.5,,,5.0,5.0,5.0,5.0,0,0,0,2
421,HAO,2023,100,1,422,https://www.rvezy.com/rv-rental/alberta_calgary_motorhome_truckcamper_ford_transit_507ab8,Rent my 2011 Ford Transit from $161/night | RVezy,421,Calgary,AB,,2011.0,Ford,Transit,14.0,414,,,,,161.0,500.0,0,1,50.0,2.5,5.0,5.0,5.0,5.0,5.0,5.0,0,0,0,2
423,Ryker,2018,100,1,561,https://www.rvezy.com/rv-rental/alberta_calgary_traveltrailer_traveltrailer_keystone_outback_66af42,Rent my 2022 Keystone Outback from $161/night | RVezy,423,Calgary,AB,Travel Trailer,2022.0,Keystone,Outback,23.0,723,1.0,4950.0,"2 5/16""",450.0,161.0,1.0,1,0,,,4.9,2.0,5.0,5.0,4.5,5.0,1,1,1,2
423,Ryker,2018,100,1,423,https://www.rvezy.com/rv-rental/alberta_calgary_traveltrailer_fifthwheel_heartland_torque-ss_828079,Rent my 2013 Heartland Torque ss from $135/night | RVezy,423,Calgary,AB,Travel Trailer,2013.0,Heartland,Torque ss,39.0,839,3.0,12250.0,,,135.0,1.0,1,0,,,,,,,,,0,0,1,2
426,Becky,2020,100,1,426,https://www.rvezy.com/rv-rental/alberta_calgary_traveltrailer_traveltrailer_jayco_jayflight-swift,The perfect FAMILY FRIENDLY trailer!! Double over double bunk beds! Becky's Jayco JayFlight Swift Travel Trailer,426,Calgary,AB,Travel Trailer,,,,26.0,826,,4352.0,"2 5/16""",500.0,,1.0,1,1,150.0,2.5,4.8,4.0,5.0,5.0,4.3,5.0,1,1,1,2
426,Becky,2020,100,1,428,https://www.rvezy.com/rv-rental/alberta_calgary_traveltrailer_traveltrailer_jayco_whitehawk_fab542,"All you need to do is show up! FULLY STOCKED, FAMILY FRIENDLY like new 31‚Äô with 2 slides Jayco WhiteHawk trailer!",426,Calgary,AB,Travel Trailer,,,,31.0,1031,2.0,7775.0,"2 5/16""",795.0,,1.0,1,1,250.0,2.5,,,,,,,1,1,1,2
436,Junjie,2021,100,0,436,https://www.rvezy.com/rv-rental/alberta_cochrane_motorhome_campervan_ford_e250_5876c4,Rent my 2012 Ford E250 from $140/night | RVezy,436,Cochrane,AB,,2012.0,Ford,E250,18.0,218,,,,,140.0,1.0,0,0,,,,,,,,,0,0,0,2
436,Junjie,2021,100,0,437,https://www.rvezy.com/rv-rental/alberta_cochrane_motorhome_campervan_other_3500ls_61a8b1,Rent my 2006 Chevrolet 3500LS from $128/night | RVezy,436,Cochrane,AB,,2006.0,Chevrolet,3500LS,21.0,221,,,,,128.0,1.0,0,0,,,,,,,,,0,0,0,2
438,Julia,2022,100,0,438,https://www.rvezy.com/rv-rental/alberta_edmonton_motorhome_classc_forest-river_2010-forest-river-sunseeker-,Rent my 2010 Forest River Sunseeker from $230/night | RVezy,438,Calgary,AB,Class C,2010.0,Forest,River Sunseeker,27.0,727,1.0,,,,230.0,500.0,0,1,100.0,2.5,4.7,29.0,4.6,4.6,4.7,4.7,1,1,0,7
438,Julia,2022,100,0,572,https://www.rvezy.com/rv-rental/alberta_edmonton_motorhome_classc_forest-river_sunseeker-_be08b7,Rent my 2011 Forest River Sunseeker from $230/night | RVezy,438,Calgary,AB,Class C,2011.0,Forest,River Sunseeker,28.0,728,1.0,,,,230.0,500.0,0,1,,,4.5,18.0,4.7,4.3,4.7,4.2,1,1,0,7
438,Julia,2022,100,0,573,https://www.rvezy.com/rv-rental/alberta_edmonton_motorhome_classc_forest-river_sunseeker-_af7206,Rent my 2019 Forest River Sunseeker from $230/night | RVezy,438,Calgary,AB,Class C,2019.0,Forest,River Sunseeker,24.0,624,1.0,,,,230.0,500.0,0,1,100.0,2.5,4.7,15.0,4.7,4.7,4.8,4.8,1,1,0,7
438,Julia,2022,100,0,574,https://www.rvezy.com/rv-rental/alberta_edmonton_motorhome_classc_forest-river_sunseeker-,Rent my 2020 Forest River Sunseeker from $230/night | RVezy,438,Calgary,AB,Class C,2020.0,Forest,River Sunseeker,24.0,624,1.0,,,,230.0,500.0,0,1,100.0,2.5,4.8,18.0,4.8,4.6,4.8,4.8,1,1,0,7
438,Julia,2022,100,0,575,https://www.rvezy.com/rv-rental/alberta_edmonton_motorhome_classc_winnebago_winnebago-access-,Rent my 2007 Winnebago Winnebago access from $230/night | RVezy,438,Calgary,AB,Class C,2007.0,Winnebago,Winnebago access,29.0,829,1.0,,,,230.0,500.0,0,1,100.0,2.5,4.7,17.0,4.7,4.7,4.8,4.5,1,1,0,7
438,Julia,2022,100,0,576,https://www.rvezy.com/rv-rental/alberta_edmonton_motorhome_classc_majestic-leisure-craft_cutaway_80549a,Rent my 2012 Majestic Leisure Craft Cutaway from $230/night | RVezy,438,Calgary,AB,Class C,2012.0,Majestic,Leisure Craft Cutaway,24.0,624,,,,,230.0,500.0,0,1,100.0,2.5,4.8,11.0,4.9,4.6,5.0,4.7,1,1,0,7
438,Julia,2022,100,0,599,https://www.rvezy.com/rv-rental/alberta_calgary_motorhome_classc_forest-river_sunseeker-_d82779,Rent my 2011 Forest River Sunseeker from $228/night | RVezy,438,Calgary,AB,Class C,2011.0,Forest,River Sunseeker,27.0,727,1.0,,,,228.0,500.0,0,1,,,,,,,,,1,1,0,7
445,Fakhra,2023,100,1,446,https://www.rvezy.com/rv-rental/alberta_calgary_motorhome_classc_majestic-leisure-craft_majestic_6bd569,Rent my 2006 Ford Majestic from $259/night | RVezy,445,Airdrie,AB,Class C,2006.0,Ford,Majestic,30.0,630,,,,,259.0,1.0,1,1,250.0,3.0,4.9,11.0,5.0,4.9,4.8,5.0,0,0,0,2
445,Fakhra,2023,100,1,445,https://www.rvezy.com/rv-rental/alberta_airdrie_traveltrailer_traveltrailer_forest-river_rockwood-ultra-light_b26021,Rent my 2010 Forest River Rockwood Ultra Light from $137/night | RVezy,445,Airdrie,AB,Travel Trailer,2010.0,Forest,River Rockwood Ultra Light,27.0,627,1.0,4732.0,"2""",505.0,137.0,1.0,1,1,450.0,3.0,4.8,4.0,4.8,5.0,4.5,4.8,0,0,1,2
447,ROMAN,2020,100,1,450,https://www.rvezy.com/rv-rental/alberta_calgary_motorhome_classc_jayco_melbourne_d6c09c,Rent my 2017 Jayco Melbourne from $328/night | RVezy,447,Calgary,AB,Class C,2017.0,Jayco,Melbourne,25.0,625,1.0,,,,328.0,1.0,0,0,,,,,,,,,0,0,0,4
447,ROMAN,2020,100,1,449,https://www.rvezy.com/rv-rental/alberta_calgary_motorhome_classc_mercedes-sprinter_winnebago-view,Rent my 2008 Mercedes-Benz Winnebago View from $282/night | RVezy,447,Calgary,AB,Class C,2008.0,Mercedes-Benz,Winnebago View,24.0,624,,,,,282.0,1.0,1,0,,,4.9,22.0,5.0,4.9,4.9,4.9,1,1,0,4
447,ROMAN,2020,100,1,577,https://www.rvezy.com/rv-rental/alberta_calgary_motorhome_classc_mercedes-_sprinter,Rent my 2008 Mercedes-Benz Sprinter from $245/night | RVezy,447,Calgary,AB,Class C,2008.0,Mercedes-Benz,Sprinter,24.0,424,1.0,,,,245.0,1.0,0,0,,,4.9,29.0,4.9,4.9,4.9,4.9,1,1,0,4
447,ROMAN,2020,100,1,447,https://www.rvezy.com/rv-rental/alberta_calgary_motorhome_classb_mercedes-sprinter_leisure-travel-feespirit-210,"Rent my 2005 Mercedes-Benz Leisure Travel, FeeSpirit 210 from $235/night | RVezy",447,Calgary,AB,Class B,,,,23.0,323,,,,,235.0,1.0,0,0,,,4.9,16.0,4.9,4.9,4.9,4.9,0,0,0,4
455,Robert,2022,100,1,579,https://www.rvezy.com/rv-rental/alberta_airdrie_motorhome_classc_other_24ds_da53fd,Rent my 2019 Ford 24DS from $339/night | RVezy,455,Airdrie,AB,Class C,2019.0,Ford,24DS,26.0,626,1.0,,,,339.0,1.0,1,1,200.0,2.0,5.0,11.0,5.0,5.0,5.0,5.0,1,1,0,2
455,Robert,2022,100,1,455,https://www.rvezy.com/rv-rental/alberta_calgary_motorhome_campervan_ford_transit-350_6d1874,Rent my 2019 Ford Transit - 350 from $269/night | RVezy,455,Calgary,AB,,2019.0,Ford,Transit - 350,22.0,222,,,,,269.0,1.0,0,0,,,4.9,8.0,4.9,4.8,4.9,5.0,0,1,0,2
464,Stephen,2023,100,1,585,https://www.rvezy.com/rv-rental/alberta_calgary_motorhome_classc_adventurer-manufacturing_adventurer-m-23rb_be37e2,Rent my 2018 Adventurer Manufacturing Adventurer M-23RB from $229/night | RVezy,464,Calgary,AB,Class C,2018.0,Adventurer,Manufacturing Adventurer M-23RB,23.0,623,,,,,229.0,1.0,1,0,,,,,,,,,1,1,0,6
464,Stephen,2023,100,1,586,https://www.rvezy.com/rv-rental/alberta_calgary_motorhome_classc_adventurer-manufacturing_ford-alp-adventurer-23rb_13e11e,Rent my 2017 Adventurer Manufacturing Ford ALP ADVENTURER 23RB from $171/night | RVezy,464,Calgary,AB,Class C,2017.0,Adventurer,Manufacturing Ford ALP ADVENTURER 23RB,23.0,623,,,,,171.0,1.0,1,0,,,5.0,2.0,5.0,5.0,5.0,5.0,1,1,0,6
464,Stephen,2023,100,1,464,https://www.rvezy.com/rv-rental/alberta_calgary_motorhome_classc_fleetwood_tioga-montara_d4e65e,Fleet #C6 Explore Rocky Mountain National Parks in Comfort with the Tioga Montara RV,464,Calgary,AB,Class C,,,,24.0,624,,,,,,1.0,1,0,,,,,4.0,4.0,5.0,5.0,1,1,0,6
464,Stephen,2023,100,1,465,https://www.rvezy.com/rv-rental/alberta_calgary_motorhome_classc_adventurer-manufacturing_m-240db_66f358,Fleet #C3 Experience Western Canada‚Äôs Beauty in this compact Class C Moho,464,Calgary,AB,Class C,,,,24.0,524,,,,,,1.0,1,0,,,4.8,14.0,4.9,4.7,4.7,5.0,1,1,0,6
464,Stephen,2023,100,1,467,https://www.rvezy.com/rv-rental/alberta_calgary_traveltrailer_traveltrailer_jayco_jay-flight-184bs_dbf8eb,Fleet #T1 Jayflight lightweight Bunk Slide - Be the Rocky Mountains Explorers,464,Calgary,AB,Travel Trailer,,,,20.0,620,1.0,3460.0,"2 5/16""",395.0,,1.0,0,0,,,5.0,27.0,5.0,5.0,5.0,5.0,1,1,0,6
464,Stephen,2023,100,1,588,https://www.rvezy.com/rv-rental/alberta_calgary_motorhome_classc_forest-river_sunseeker-2300cd_b45ded,Fleet #C4 The most Zippy Class C for happy campers travelling in Canada!,464,Calgary,AB,Class C,,,,24.0,624,,,,,,1.0,1,0,,,,,5.0,5.0,5.0,5.0,1,1,0,6
521,Rober,2022,100,1,521,https://www.rvezy.com/rv-rental/alberta_de-winton_traveltrailer_traveltrailer_shasta_oasis-310k,Rent my 2018 Shasta Oasis 310K from $140/night | RVezy,521,De-Winton,AB,Travel Trailer,2018.0,Shasta,Oasis 310K,35.0,735,1.0,5730.0,"2""",624.0,140.0,1.0,0,1,150.0,3.5,5.0,9.0,5.0,5.0,4.9,5.0,1,1,1,2
521,Rober,2022,100,1,522,https://www.rvezy.com/rv-rental/alberta_de-winton_traveltrailer_traveltrailer_jayco_bhw-224,Rent my 2022 Jayco BHW 224 from $125/night | RVezy,521,De-Winton,AB,Travel Trailer,2022.0,Jayco,BHW 224,27.0,627,,4460.0,"2""",500.0,125.0,1.0,0,1,150.0,3.5,4.9,42.0,5.0,4.9,4.8,5.0,1,1,0,2
525,Rebecca,2022,100,1,525,https://www.rvezy.com/rv-rental/alberta_rocky-view_motorhome_campervan_gmc_savana,Rent my 2013 GMC Savana from $155/night | RVezy,525,Rocky-View,AB,,2013.0,GMC,Savana,18.0,218,,,,,155.0,1.0,0,0,,,5.0,17.0,4.9,5.0,5.0,4.9,1,1,0,2
525,Rebecca,2022,100,1,526,https://www.rvezy.com/rv-rental/alberta_rocky-view_motorhome_campervan_ford_econoline-e250_f65f2b,Rent my 2012 Ford Econoline E250 from $155/night | RVezy,525,Rocky-View,AB,,2012.0,Ford,Econoline E250,18.0,218,,,,,155.0,1.0,0,0,,,5.0,13.0,5.0,4.9,5.0,4.9,1,1,0,2
567,Ally,2024,93,1,567,https://www.rvezy.com/rv-rental/alberta_calgary_traveltrailer_traveltrailer_jayco_2018_3c1743,Sleeps 10 | 55‚Äù Theater Projector | SUV Towable Jayco X23F Hybrid Trailer | Starlink WiFi Available | Kids and Pets Friendly,567,Calgary,AB,Travel Trailer,,,,24.0,10,4.0,4610.0,"2 5/16""",553.0,,800.0,1,1,200.0,3.2,4.9,2.0,5.0,4.5,5.0,5.0,1,1,1,3
567,Ally,2024,93,1,568,https://www.rvezy.com/rv-rental/alberta_calgary_traveltrailer_traveltrailer_jayco_x17z_0133df,Kids and Pets Friendly SUV towable Jayco X17Z with Theater projector üìΩÔ∏è Solar Powered Off Grid Ready,567,Calgary,AB,Travel Trailer,,,,19.0,619,2.0,3021.0,"2""",375.0,,800.0,1,1,120.0,3.2,,,4.0,5.0,5.0,4.0,1,1,1,3
567,Ally,2024,93,1,569,https://www.rvezy.com/rv-rental/alberta_de-winton_traveltrailer_traveltrailer_jayco_2018_2ed1cb,Family and Kids Friendly SUV towable Jayco 16XRB Travel Trailer: With Theater Projector and Games,567,Calgary,AB,Travel Trailer,,,,19.0,619,2.0,2832.0,"2""",350.0,,750.0,1,1,160.0,3.2,5.0,8.0,5.0,4.9,5.0,5.0,1,0,1,3
587,YING,2019,100,1,587,https://www.rvezy.com/rv-rental/alberta_calgary_traveltrailer_traveltrailer_other_ge821-kpf_7da014,2020 Yetti Grand Escape: Experience the Great Outdoors with Starlink,587,Calgary,AB,Travel Trailer,,,,21.0,821,,5875.0,"2""",800.0,,500.0,1,1,400.0,3.0,4.7,4.0,5.0,4.3,4.5,5.0,0,0,1,2
587,YING,2019,100,1,590,https://www.rvezy.com/rv-rental/alberta_calgary_traveltrailer_traveltrailer_other_332bhk_a75abe,Wonderful KZ Connect C332BHK Travel Trailer with Starlink,587,Calgary,AB,Travel Trailer,,,,38.0,1038,2.0,8800.0,"2 5/16""",995.0,,500.0,1,1,400.0,3.5,4.6,13.0,4.5,4.6,4.5,4.7,0,0,1,2
